component_id,area,perimeter,circularity,solidity,elongation,aspect_ratio,skeleton_length,mean_blackhat,mean_gray,std_gray,passes_filter,is_elongated,is_high_contrast,image,date
1,1581,161.41421353816986,0.7625321954550857,0.9657910812461821,1.299271444173161,0.9302325581395349,144,8.387096774193548,0.0,0.0,False,False,False,larva_001,18.10
1,1243,142.0,0.7746478215457474,0.9880763116057234,1.0,0.9210526315789473,96,6.359613837489944,0.0,0.0,False,False,False,larva_002,18.10
1,50561,2185.7829537391663,0.13298769217570042,0.3519367974106428,2.4035142485740777,0.47205707491082044,2284,7.418860386463876,0.0,0.0,True,True,False,larva_003,18.10
2,5,5.656854152679443,1.9634954757012075,2.5,1.0,1.0,1,255.0,0.0,0.0,True,False,True,larva_003,18.10
1,9338,526.0660158395767,0.4240169712484615,0.6529841613929583,3.35165969197347,0.42408376963350786,577,25.88777040051403,0.0,0.0,True,True,False,larva_004,18.10
2,293,82.81118142604828,0.5369075651016957,0.9199372056514914,1.091008983138643,0.92,36,255.0,0.0,0.0,True,False,True,larva_004,18.10
3,8,8.485281229019165,1.3962634493875254,2.0,1.0,1.0,2,255.0,0.0,0.0,True,False,True,larva_004,18.10
4,5,5.656854152679443,1.9634954757012075,2.5,1.0,1.0,1,255.0,0.0,0.0,True,False,True,larva_004,18.10
5,12,10.485281229019165,1.371610949657771,1.7142857142857142,1.4470095085109513,1.25,2,255.0,0.0,0.0,True,False,True,larva_004,18.10
6,8,8.485281229019165,1.3962634493875254,2.0,1.0,1.0,2,255.0,0.0,0.0,True,False,True,larva_004,18.10
7,132,71.982754945755,0.3201303629860453,0.7002652519893899,1.657390755486425,1.1111111111111112,26,255.0,0.0,0.0,True,True,True,larva_004,18.10
8,5,5.656854152679443,1.9634954757012075,2.5,1.0,1.0,1,255.0,0.0,0.0,True,False,True,larva_004,18.10
9,29,33.94112479686737,0.3163409399739902,0.8787878787878788,1.3600470885297935,1.125,9,255.0,0.0,0.0,True,False,True,larva_004,18.10
1,5014,366.8284270763397,0.4682396930743088,0.9415078396394705,2.5204984101779853,0.2483221476510067,306,27.056242520941364,0.0,0.0,False,False,False,larva_005,18.10
1,14698,708.4650719165802,0.3679859346875268,0.7241107498275692,8.747680208652284,1.2,560,3.7300993332426184,0.0,0.0,True,True,False,larva_006,18.10
1,2254,195.89949488639832,0.7380693035998155,0.9103392568659128,1.0784509862614722,1.125,157,9.27684117125111,0.0,0.0,False,False,False,larva_007,18.10
1,1395,154.0,0.7391671026746097,0.9412955465587044,1.0,1.0256410256410255,127,12.43010752688172,0.0,0.0,False,False,False,larva_008,18.10
1,2746,228.72792220115662,0.6595869087410904,0.8159263110979053,1.1298429502019238,0.8307692307692308,187,10.121995630007284,0.0,0.0,False,False,False,larva_009,18.10
1,2393,216.0,0.6445328549417332,0.8632756132756133,1.0,1.558139534883721,178,15.770998746343503,0.0,0.0,False,False,False,larva_010,18.10
1,9096,460.5512970685959,0.5388951762672547,0.6969847898547948,1.5146610467217372,0.8296296296296296,483,20.268799472295516,0.0,0.0,True,True,False,larva_001,18.10
2,8,8.485281229019165,1.3962634493875254,2.0,1.0,1.0,2,255.0,0.0,0.0,True,False,True,larva_001,18.10
3,5,5.656854152679443,1.9634954757012075,2.5,1.0,1.0,1,255.0,0.0,0.0,True,False,True,larva_001,18.10
4,11,11.313708066940308,1.0799225571509967,1.8333333333333333,1.0,1.0,3,255.0,0.0,0.0,True,False,True,larva_001,18.10
5,32,20.727921843528748,0.9359406659554398,1.2307692307692308,1.8069765379514027,0.875,5,255.0,0.0,0.0,True,False,True,larva_001,18.10
6,5,5.656854152679443,1.9634954757012075,2.5,1.0,1.0,1,255.0,0.0,0.0,True,False,True,larva_001,18.10
1,2119,196.82842707633972,0.6873298051814705,0.8729145211122554,1.3862074397368136,0.8363636363636363,179,21.901840490797547,0.0,0.0,False,False,False,larva_002,18.10
1,6250,409.899494767189,0.4674499474946351,0.945036667422696,8.95705833108234,0.24550898203592814,388,21.134400000000003,0.0,0.0,False,False,False,larva_003,18.10
1,17532,823.3178849220276,0.3250171117361562,0.7136402491146661,11.262713220225352,1.2294372294372293,674,3.636208076659822,0.0,0.0,True,True,False,larva_004,18.10
1,1216,142.0,0.7578211995169982,0.9696969696969697,1.0,1.1470588235294117,97,6.081414473684211,0.0,0.0,False,False,False,larva_001,18.10
1,4680,349.89949464797974,0.48036248917267815,0.6127659574468085,1.1722323533074275,0.7378640776699029,357,23.375,0.0,0.0,False,False,False,larva_002,18.10
2,5,5.656854152679443,1.9634954757012075,2.5,1.0,1.0,1,255.0,0.0,0.0,True,False,True,larva_002,18.10
3,8,8.485281229019165,1.3962634493875254,2.0,1.0,1.0,2,255.0,0.0,0.0,True,False,True,larva_002,18.10
4,5,5.656854152679443,1.9634954757012075,2.5,1.0,1.0,1,255.0,0.0,0.0,True,False,True,larva_002,18.10
5,19,14.485281229019165,1.1379144233270286,1.52,1.9957084250848156,1.75,4,255.0,0.0,0.0,True,False,True,larva_002,18.10
6,26,16.485281109809875,1.2022381292076676,1.4444444444444444,1.4058025580912643,0.7142857142857143,3,255.0,0.0,0.0,True,False,True,larva_002,18.10
1,1301,150.0,0.7266154741902793,0.9332855093256814,1.0,1.2,105,8.232129131437356,0.0,0.0,False,False,False,larva_003,18.10
1,5997,369.5391035079956,0.5518526229425386,0.8202708247845711,3.331906627943334,0.4962962962962963,286,5.7828914457228615,0.0,0.0,True,True,False,larva_004,18.10
1,1132,138.0,0.7469613282637357,0.9609507640067911,1.0,1.21875,90,14.191696113074205,0.0,0.0,False,False,False,larva_005,18.10
1,6061,403.899494767189,0.46688242741016134,0.9511180855237348,9.920999209676308,0.24242424242424243,354,21.246493977891436,0.0,0.0,False,False,False,larva_006,18.10
1,17307,813.4183913469315,0.32870301118658796,0.7306693686276993,8.919123425659537,1.2882882882882882,669,4.449644652452765,0.0,0.0,True,True,False,larva_007,18.10
2,8,7.656854152679443,1.7147432482071245,2.0,1.414213626312762,1.3333333333333333,2,255.0,0.0,0.0,True,False,True,larva_007,18.10
1,2296,206.0,0.6799035472374555,0.884437596302003,1.0,0.75,211,43.869773519163765,0.0,0.0,True,False,True,larva_008,18.10
1,5263,340.6101727485657,0.570069761226277,0.7744261330194232,2.236380531898692,0.6293103448275862,274,6.880106403192096,0.0,0.0,True,True,False,larva_009,18.10
1,2142,197.41421353816986,0.6906730249418144,0.8816628935995061,1.0960632347952708,0.8363636363636363,173,22.61904761904762,0.0,0.0,False,False,False,larva_010,18.10
2,14,11.899494767189026,1.2424555345051307,1.5555555555555556,2.0149757162978186,1.0,2,255.0,0.0,0.0,True,False,True,larva_010,18.10
1,6838,366.811182141304,0.6386366341533362,0.7673661766356189,1.5565298109416734,0.8148148148148148,492,36.80681485814566,0.0,0.0,True,True,False,larva_001,18.10
2,10,9.071067690849304,1.527189918454808,1.8181818181818181,1.0,1.0,1,255.0,0.0,0.0,True,False,True,larva_001,18.10
3,5,5.656854152679443,1.9634954757012075,2.5,1.0,1.0,1,255.0,0.0,0.0,True,False,True,larva_001,18.10
4,5,5.656854152679443,1.9634954757012075,2.5,1.0,1.0,1,255.0,0.0,0.0,True,False,True,larva_001,18.10
5,15,11.899494767189026,1.331202358398354,1.5789473684210527,1.2909944410228498,1.0,2,255.0,0.0,0.0,True,False,True,larva_001,18.10
6,10,14.142135381698608,0.6283185522243865,1.25,2.4189505089002528,0.6666666666666666,4,255.0,0.0,0.0,True,False,True,larva_001,18.10
7,10,9.071067690849304,1.527189918454808,1.8181818181818181,1.0,1.0,1,255.0,0.0,0.0,True,False,True,larva_001,18.10
8,5,5.656854152679443,1.9634954757012075,2.5,1.0,1.0,1,255.0,0.0,0.0,True,False,True,larva_001,18.10
1,1255,144.0,0.7605514622405846,0.9751359751359752,1.0,0.85,106,21.944223107569723,0.0,0.0,False,False,False,larva_002,18.10
1,52459,2248.3098715543747,0.13041199449467816,0.34709682968707095,2.425944187150912,0.485414235705951,2342,6.49421452944204,0.0,0.0,True,True,False,larva_003,18.10
2,5,5.656854152679443,1.9634954757012075,2.5,1.0,1.0,1,255.0,0.0,0.0,True,False,True,larva_003,18.10
3,5,5.656854152679443,1.9634954757012075,2.5,1.0,1.0,1,255.0,0.0,0.0,True,False,True,larva_003,18.10
4,8,8.485281229019165,1.3962634493875254,2.0,1.0,1.0,2,255.0,0.0,0.0,True,False,True,larva_003,18.10
1,3249,298.0,0.4597556205357073,0.9336206896551724,1.0,0.24793388429752067,247,47.32686980609418,0.0,0.0,True,False,True,larva_004,18.10
1,15765,757.6782771348953,0.3450914242798334,0.716721222040371,8.141162192965218,1.2548076923076923,596,4.059942911512845,0.0,0.0,True,True,False,larva_005,18.10
2,8,8.485281229019165,1.3962634493875254,2.0,1.0,1.0,2,255.0,0.0,0.0,True,False,True,larva_005,18.10
1,1278,146.0,0.7534162903523655,0.9638009049773756,1.0,0.875,107,6.983568075117371,0.0,0.0,False,False,False,larva_006,18.10
1,5567,369.79898965358734,0.5115636116042803,0.6375765905056405,1.2962350456823384,1.3012048192771084,380,29.86527752829172,0.0,0.0,False,False,False,larva_007,18.10
2,5,5.656854152679443,1.9634954757012075,2.5,1.0,1.0,1,255.0,0.0,0.0,True,False,True,larva_007,18.10
3,174,52.76955163478851,0.785221719864153,1.0235294117647058,1.5832431067243486,1.0625,6,255.0,0.0,0.0,True,False,True,larva_007,18.10
4,5,5.656854152679443,1.9634954757012075,2.5,1.0,1.0,1,255.0,0.0,0.0,True,False,True,larva_007,18.10
5,10,9.071067690849304,1.527189918454808,1.8181818181818181,1.0,1.0,1,255.0,0.0,0.0,True,False,True,larva_007,18.10
6,43,27.213203072547913,0.7296574054839637,1.048780487804878,1.3840715812050115,1.125,7,255.0,0.0,0.0,True,False,True,larva_007,18.10
7,25,19.55634880065918,0.8214371184249228,1.2195121951219512,1.3819384849536422,0.75,5,255.0,0.0,0.0,True,False,True,larva_007,18.10
8,5,5.656854152679443,1.9634954757012075,2.5,1.0,1.0,1,255.0,0.0,0.0,True,False,True,larva_007,18.10
9,13,16.14213538169861,0.6269476020449345,1.2380952380952381,2.835663985668587,0.5714285714285714,5,255.0,0.0,0.0,True,False,True,larva_007,18.10
1,6633,400.267027258873,0.520259752251481,0.6238713318284425,1.5497402131023659,1.0,421,19.068294889190412,0.0,0.0,True,True,False,larva_008,18.10
2,5,5.656854152679443,1.9634954757012075,2.5,1.0,1.0,1,255.0,0.0,0.0,True,False,True,larva_008,18.10
3,10,9.071067690849304,1.527189918454808,1.8181818181818181,1.0,1.0,1,255.0,0.0,0.0,True,False,True,larva_008,18.10
4,5,5.656854152679443,1.9634954757012075,2.5,1.0,1.0,1,255.0,0.0,0.0,True,False,True,larva_008,18.10
5,376,137.13708245754242,0.2512394866860257,0.6708296164139161,1.869543556811832,1.1666666666666667,66,255.0,0.0,0.0,True,True,True,larva_008,18.10
6,41,33.69848394393921,0.45370440406301105,0.82,1.3215655115868927,0.7272727272727273,8,255.0,0.0,0.0,True,False,True,larva_008,18.10
7,39,23.55634868144989,0.883198906724941,1.278688524590164,1.4553418716480033,1.125,7,255.0,0.0,0.0,True,False,True,larva_008,18.10
1,1586,161.41421353816986,0.7649437457253421,0.985399192295744,1.1470773519244157,0.7659574468085106,133,12.862547288776797,0.0,0.0,False,False,False,larva_001,18.10
1,2289,210.0,0.6522544747453094,0.9214975845410628,1.0,1.8918918918918919,157,27.85058977719528,0.0,0.0,False,False,False,larva_002,18.10
1,1477,160.0,0.7250206795862694,0.9324494949494949,1.0,1.2162162162162162,117,6.733243060257278,0.0,0.0,False,False,False,larva_003,18.10
1,3017,250.72792196273804,0.6030867287691475,0.7433780953554269,1.2637731642341405,1.0,212,23.074245939675173,0.0,0.0,False,False,False,larva_004,18.10
1,9508,507.7472552061081,0.46345104777531104,0.7369400093008835,5.17907091491947,0.6353591160220995,418,6.195309213294069,0.0,0.0,True,True,False,larva_005,18.10
1,1529,162.0,0.7321285120162772,0.9438271604938272,1.0,1.2432432432432432,114,8.839110529758011,0.0,0.0,False,False,False,larva_006,18.10
1,1316,148.0,0.7549919525427625,0.9676470588235294,1.0,0.8536585365853658,121,26.546352583586625,0.0,0.0,False,False,False,larva_007,18.10
1,2066,182.72792196273804,0.7775536252629891,0.9507593189139438,1.177936147006082,1.1333333333333333,125,8.51645692158761,0.0,0.0,False,False,False,larva_008,18.10
1,5033,367.41421353816986,0.468516497740802,0.9448094612352168,2.579431138195636,0.2483221476510067,323,21.6848797933638,0.0,0.0,False,False,False,larva_009,18.10
1,18035,848.9747397899628,0.31443904863844446,0.7095365489023526,11.005508683461342,1.29004329004329,653,3.33684502356529,0.0,0.0,True,True,False,larva_010,18.10
1,1839,173.0710676908493,0.7715119326222588,0.96282722513089,1.425148483636315,1.1428571428571428,114,4.021207177814029,0.0,0.0,False,False,False,larva_011,18.10
1,10269,534.391918182373,0.451874937796694,0.5896471533978352,1.978770895771055,0.8641975308641975,625,31.735319894829097,0.0,0.0,True,True,False,larva_001,18.10
2,14,11.899494767189026,1.2424555345051307,1.5555555555555556,2.0149755563076868,1.0,2,255.0,0.0,0.0,True,False,True,larva_001,18.10
3,15,13.313708305358887,1.06341565106438,1.5,1.6497251410435922,1.5,2,255.0,0.0,0.0,True,False,True,larva_001,18.10
4,8,8.485281229019165,1.3962634493875254,2.0,1.0,1.0,2,255.0,0.0,0.0,True,False,True,larva_001,18.10
5,25,23.798989295959473,0.5546676604459828,1.0869565217391304,2.3654766928834197,1.2857142857142858,6,255.0,0.0,0.0,True,False,True,larva_001,18.10
6,10,14.142135381698608,0.6283185522243865,1.25,2.4189505089002528,1.5,4,255.0,0.0,0.0,True,False,True,larva_001,18.10
7,80,36.870057344436646,0.739523918298747,1.0526315789473684,1.5804938281158143,1.5,12,255.0,0.0,0.0,True,False,True,larva_001,18.10
8,16,14.727921843528748,0.9269299289660536,1.5238095238095237,2.4051312910842415,1.0,3,255.0,0.0,0.0,True,False,True,larva_001,18.10
9,5,5.656854152679443,1.9634954757012075,2.5,1.0,1.0,1,255.0,0.0,0.0,True,False,True,larva_001,18.10
10,8,7.656854152679443,1.7147432482071245,2.0,1.414213626312762,0.75,2,255.0,0.0,0.0,True,False,True,larva_001,18.10
11,8,8.485281229019165,1.3962634493875254,2.0,1.0,1.0,2,255.0,0.0,0.0,True,False,True,larva_001,18.10
12,38,22.97056245803833,0.9050033809982047,1.1875,1.0398523105918542,1.0,3,255.0,0.0,0.0,True,False,True,larva_001,18.10
13,14,11.656854152679443,1.29471796527114,1.75,2.0,2.0,4,255.0,0.0,0.0,True,False,True,larva_001,18.10
14,44,25.55634891986847,0.8465739930097227,1.2222222222222223,1.9935425125759734,0.7,6,255.0,0.0,0.0,True,False,True,larva_001,18.10
15,15,17.55634880065918,0.6115510580344155,1.1538461538461537,2.22269127824284,1.4,5,255.0,0.0,0.0,True,False,True,larva_001,18.10
16,19,18.14213538169861,0.7254152112660337,1.2258064516129032,2.3614236428565523,1.6,5,255.0,0.0,0.0,True,False,True,larva_001,18.10
17,65,34.28427052497864,0.6949177327559914,1.0317460317460319,1.368799342692816,0.75,7,255.0,0.0,0.0,True,False,True,larva_001,18.10
18,5,5.656854152679443,1.9634954757012075,2.5,1.0,1.0,1,255.0,0.0,0.0,True,False,True,larva_001,18.10
19,8,8.485281229019165,1.3962634493875254,2.0,1.0,1.0,2,255.0,0.0,0.0,True,False,True,larva_001,18.10
1,1176,140.0,0.7539822368615504,0.98,1.0,0.7560975609756098,111,15.395408163265305,0.0,0.0,False,False,False,larva_002,18.10
1,4723,350.8284270763397,0.48221227006310163,0.9375682382133995,2.4530228758635344,0.2624113475177305,290,24.08003387677324,0.0,0.0,False,False,False,larva_003,18.10
1,17161,822.3473224639893,0.31889072648686906,0.7046336406002998,12.367750896080981,1.3018018018018018,657,3.3581959093292935,0.0,0.0,True,True,False,larva_004,18.10
1,3465,241.15432751178741,0.7487261188614627,0.9108832807570978,1.6855694345391827,1.2333333333333334,190,5.004329004329004,0.0,0.0,False,False,False,larva_005,18.10
1,1844,174.82842707633972,0.7581352330746823,0.9596669268800416,1.225794491750854,0.875,142,7.605748373101952,0.0,0.0,False,False,False,larva_006,18.10
1,1466,162.0,0.7019623274139059,0.9049382716049382,1.0,1.2432432432432432,118,35.31036834924966,0.0,0.0,False,False,False,larva_001,18.10
1,25040,1177.9625449180603,0.22676771570110452,0.6134999387480093,13.72564420985865,2.366336633663366,1061,6.1102236421725244,0.0,0.0,True,True,False,larva_001,19.10
1,2681,223.55634880065918,0.6741129374160159,0.8517871326449563,1.556789339171831,1.34,179,17.50093248787766,0.0,0.0,False,False,False,larva_002,19.10
2,5,5.656854152679443,1.9634954757012075,2.5,1.0,1.0,1,255.0,0.0,0.0,True,False,True,larva_002,19.10
1,4829,294.6518038511276,0.6989544288069021,0.9030388031790556,2.1338432764481152,1.28,222,5.703044108511079,0.0,0.0,False,False,False,larva_003,19.10
1,1056,132.0,0.761598219052071,0.9777777777777777,1.0,1.1935483870967742,81,14.730113636363637,0.0,0.0,False,False,False,larva_004,19.10
1,6782,421.5807349681854,0.4795193491941961,0.5618657056459965,1.3380633974695946,0.864,387,19.85255086994987,0.0,0.0,False,False,False,larva_005,19.10
2,24,15.899494647979736,1.1930385143016773,1.411764705882353,1.2731139521978403,1.0,1,255.0,0.0,0.0,True,False,True,larva_005,19.10
3,37,20.97056233882904,1.0572834523816685,1.2758620689655173,1.3072390295818115,1.0,3,255.0,0.0,0.0,True,False,True,larva_005,19.10
4,153,66.9116872549057,0.42943489591363937,0.8010471204188482,1.3972307460319509,1.1875,19,255.0,0.0,0.0,True,False,True,larva_005,19.10
5,5,5.656854152679443,1.9634954757012075,2.5,1.0,1.0,1,255.0,0.0,0.0,True,False,True,larva_005,19.10
6,5,5.656854152679443,1.9634954757012075,2.5,1.0,1.0,1,255.0,0.0,0.0,True,False,True,larva_005,19.10
7,10,9.071067690849304,1.527189918454808,1.8181818181818181,1.0,1.0,1,255.0,0.0,0.0,True,False,True,larva_005,19.10
1,962,126.0,0.7614543040446916,0.969758064516129,1.0,0.9696969696969697,78,6.626819126819127,0.0,0.0,False,False,False,larva_006,19.10
1,988,128.0,0.7577865092155067,0.9657869012707723,1.0,0.9411764705882353,82,15.48582995951417,0.0,0.0,False,False,False,larva_007,19.10
1,1068,132.0,0.7702527442685718,0.9816176470588235,1.0,1.0606060606060606,82,2.148876404494382,0.0,0.0,False,False,False,larva_008,19.10
1,934,124.0,0.7633318258202046,0.9719042663891779,1.0,1.0,77,4.095289079229122,0.0,0.0,False,False,False,larva_009,19.10
1,993,128.0,0.7616214611852209,0.9697265625,1.0,1.0,81,7.960725075528701,0.0,0.0,False,False,False,larva_010,19.10
1,971,126.0,0.7685780969099746,0.9808080808080808,1.0,1.096774193548387,80,12.342945417095777,0.0,0.0,False,False,False,larva_011,19.10
1,931,124.0,0.7608800105338444,0.9779411764705882,1.0,1.206896551724138,78,15.338345864661653,0.0,0.0,False,False,False,larva_012,19.10
1,963,126.0,0.7622458365852786,0.9707661290322581,1.0,1.03125,78,1.8535825545171338,0.0,0.0,False,False,False,larva_013,19.10
1,1033,130.0,0.7681101091498831,0.9800759013282733,1.0,1.09375,80,3.9496611810261375,0.0,0.0,False,False,False,larva_014,19.10
1,1074,134.0,0.7516307663077385,0.9589285714285715,1.0,0.9166666666666666,85,4.273743016759776,0.0,0.0,False,False,False,larva_015,19.10
1,1024,130.0,0.7614179591185676,0.9696969696969697,1.0,0.9705882352941176,80,4.482421875,0.0,0.0,False,False,False,larva_016,19.10
1,965,126.0,0.7638289016664526,0.9727822580645161,1.0,0.9696969696969697,80,13.740932642487046,0.0,0.0,False,False,False,larva_017,19.10
1,1045,132.0,0.7536649042702787,0.9595959595959596,1.0,1.0,84,11.712918660287082,0.0,0.0,False,False,False,larva_018,19.10
1,1221,146.0,0.7198132163695135,0.925,1.0,0.8292682926829268,96,27.56756756756757,0.0,0.0,False,False,False,larva_019,19.10
1,978,128.0,0.7501166052760785,0.955078125,1.0,1.0,81,6.779141104294479,0.0,0.0,False,False,False,larva_020,19.10
1,1013,130.0,0.7532386646358487,0.959280303030303,1.0,1.0303030303030303,82,3.272458045409674,0.0,0.0,False,False,False,larva_021,19.10
1,902,122.0,0.7615470501311458,0.9761904761904762,1.0,0.8529411764705882,76,9.046563192904657,0.0,0.0,False,False,False,larva_022,19.10
1,19136,952.5411915779114,0.26502905965989293,0.6588283899399219,9.722839586665293,2.61744966442953,821,9.08810618729097,0.0,0.0,True,True,False,larva_001,19.10
1,3827,259.1543278694153,0.7160632649224465,0.8683911958248242,1.5705076866787888,1.3064516129032258,198,9.594983015416775,0.0,0.0,False,False,False,larva_002,19.10
1,1097,136.0,0.7453129630164367,0.962280701754386,1.0,1.2580645161290323,86,12.087511394712854,0.0,0.0,False,False,False,larva_003,19.10
1,1064,132.0,0.7673679025297383,0.9806451612903225,1.0,1.125,80,4.0742481203007515,0.0,0.0,False,False,False,larva_004,19.10
1,961,126.0,0.7606627715041047,0.9707070707070707,1.0,0.9117647058823529,78,16.451612903225808,0.0,0.0,False,False,False,larva_005,19.10
1,1018,130.0,0.7569565257643572,0.9658444022770398,1.0,0.9142857142857143,83,15.279960707269154,0.0,0.0,False,False,False,larva_006,19.10
1,1157,138.0,0.7634578240292775,0.9722689075630252,1.0,0.9722222222222222,86,2.865168539325843,0.0,0.0,False,False,False,larva_007,19.10
1,3997,281.0121924877167,0.6360535568038607,0.7849567949725059,1.7402770013275652,0.7764705882352941,249,8.485113835376533,0.0,0.0,True,True,False,larva_008,19.10
1,936,124.0,0.764966369344445,0.9780564263322884,1.0,1.1333333333333333,77,1.9070512820512822,0.0,0.0,False,False,False,larva_009,19.10
1,1022,130.0,0.7599308146671641,0.9678030303030303,1.0,1.0303030303030303,82,5.738747553816046,0.0,0.0,False,False,False,larva_010,19.10
1,1031,130.0,0.7666229646984797,0.9763257575757576,1.0,1.0303030303030303,78,2.2259941804073713,0.0,0.0,False,False,False,larva_011,19.10
1,898,122.0,0.7581699013500764,0.9655913978494624,1.0,0.96875,84,23.853006681514476,0.0,0.0,False,False,False,larva_012,19.10
1,992,128.0,0.760854470791278,0.9773399014778326,1.0,1.2,81,4.112903225806451,0.0,0.0,False,False,False,larva_013,19.10
1,1019,130.0,0.757700097990059,0.9649621212121212,1.0,1.0303030303030303,82,2.2522080471050048,0.0,0.0,False,False,False,larva_014,19.10
1,1028,130.0,0.7643922480213745,0.9734848484848485,1.0,1.0303030303030303,81,1.9844357976653697,0.0,0.0,False,False,False,larva_015,19.10
1,989,128.0,0.7585534996094495,0.9667644183773216,1.0,0.9411764705882353,80,2.8361981799797777,0.0,0.0,False,False,False,larva_016,19.10
1,970,126.0,0.7677865643693875,0.9797979797979798,1.0,0.9117647058823529,79,17.350515463917525,0.0,0.0,False,False,False,larva_017,19.10
1,950,126.0,0.7519559135576477,0.9634888438133874,1.0,0.8571428571428571,80,19.594736842105263,0.0,0.0,False,False,False,larva_018,19.10
1,1044,132.0,0.7529436938355702,0.9595588235294118,1.0,0.9428571428571428,84,18.318965517241377,0.0,0.0,False,False,False,larva_019,19.10
1,1027,130.0,0.7636486757956729,0.9780952380952381,1.0,0.8611111111111112,81,21.353456669912365,0.0,0.0,False,False,False,larva_020,19.10
1,1171,142.0,0.7297768294690831,0.938301282051282,1.0,0.825,92,6.968403074295474,0.0,0.0,False,False,False,larva_021,19.10
1,1041,132.0,0.7507800625314451,0.9559228650137741,1.0,1.0,83,3.919308357348703,0.0,0.0,False,False,False,larva_022,19.10
1,987,128.0,0.7570195188215639,0.9638671875,1.0,1.0,81,9.042553191489363,0.0,0.0,False,False,False,larva_023,19.10
1,5735,383.9827550649643,0.48878722384848544,0.5956275640027003,1.9859577806962703,1.3295454545454546,387,29.52397558849172,0.0,0.0,True,True,False,larva_001,19.10
2,39,21.899494767189026,1.021895013480429,1.2580645161290323,1.4229728521573461,1.3333333333333333,3,255.0,0.0,0.0,True,False,True,larva_001,19.10
3,8,7.656854152679443,1.7147432482071245,2.0,1.414213626312762,0.75,2,255.0,0.0,0.0,True,False,True,larva_001,19.10
1,24941,1176.9331095218658,0.22626645110129734,0.6123421023557285,33.754979503829794,2.343137254901961,1039,6.64568381380057,0.0,0.0,True,True,False,larva_002,19.10
1,1145,138.0,0.7555395060618175,0.9670608108108109,1.0,0.868421052631579,106,34.74235807860262,0.0,0.0,False,False,False,larva_003,19.10
1,1057,134.0,0.7397334450533329,0.9591651542649727,1.0,1.3,85,7.2374645222327345,0.0,0.0,False,False,False,larva_004,19.10
1,2028,180.1421355009079,0.7853209822113562,0.9507735583684951,1.1482319525616855,1.065217391304348,130,6.412721893491125,0.0,0.0,False,False,False,larva_005,19.10
1,907,122.0,0.7657684861074825,0.9773706896551724,1.0,1.1,76,2.249173098125689,0.0,0.0,False,False,False,larva_001,20.10
1,965,126.0,0.7638289016664526,0.9727822580645161,1.0,0.9696969696969697,78,18.761658031088082,0.0,0.0,False,False,False,larva_002,20.10
1,1230,144.0,0.7454010347059116,0.9520123839009288,1.0,1.1142857142857143,90,4.975609756097561,0.0,0.0,False,False,False,larva_003,20.10
1,1885,186.0,0.684692120709534,0.9186159844054581,1.0,0.6379310344827587,161,26.244031830238725,0.0,0.0,False,False,False,larva_004,20.10
1,13358,694.5756825208664,0.3479462453640458,0.49612806180244756,3.836930149890554,0.6351351351351351,670,17.753406198532716,0.0,0.0,True,True,False,larva_005,20.10
2,60,27.899494767189026,0.9686534665330087,1.1764705882352942,1.5697243043851217,1.0,6,255.0,0.0,0.0,True,False,True,larva_005,20.10
3,229,63.25483286380768,0.7192136499292575,0.9956521739130435,1.5068420447152153,0.7727272727272727,17,255.0,0.0,0.0,True,False,True,larva_005,20.10
4,35,21.899494767189026,0.9170852685080773,1.320754716981132,2.5214287895343066,0.5,6,255.0,0.0,0.0,True,False,True,larva_005,20.10
5,17,13.656854152679443,1.1454006957012821,1.7,2.2360679049329515,0.42857142857142855,4,255.0,0.0,0.0,True,False,True,larva_005,20.10
6,35,24.727921843528748,0.7192877592087169,1.206896551724138,2.347424285515925,0.45454545454545453,7,255.0,0.0,0.0,True,False,True,larva_005,20.10
1,1184,144.0,0.7175242480421132,0.9199689199689199,1.0,0.85,95,23.260135135135137,0.0,0.0,False,False,False,larva_006,20.10
1,990,128.0,0.7593204900033924,0.966796875,1.0,1.0,81,5.151515151515151,0.0,0.0,False,False,False,larva_007,20.10
1,1127,138.0,0.7436620291106273,0.9486531986531986,1.0,1.088235294117647,88,3.8464951197870456,0.0,0.0,False,False,False,larva_008,20.10
1,907,124.0,0.7412654882429611,0.969017094017094,1.0,0.7297297297297297,80,27.833517089305403,0.0,0.0,False,False,False,larva_009,20.10
1,1017,130.0,0.7562129535386555,0.9630681818181818,1.0,0.9705882352941176,80,0.5014749262536874,0.0,0.0,False,False,False,larva_010,20.10
1,1084,134.0,0.7586291905750358,0.966131907308378,1.0,0.9714285714285714,85,1.1761992619926198,0.0,0.0,False,False,False,larva_011,20.10
1,1273,146.0,0.7504686522836942,0.9702743902439024,1.0,0.7857142857142857,123,34.85467399842891,0.0,0.0,False,False,False,larva_012,20.10
1,1418,154.0,0.7513540871631518,0.9581081081081081,1.0,0.926829268292683,96,5.754583921015515,0.0,0.0,False,False,False,larva_013,20.10
1,995,128.0,0.7631554419731065,0.9726295210166178,1.0,0.9411764705882353,80,4.6130653266331665,0.0,0.0,False,False,False,larva_014,20.10
1,1235,146.0,0.7280666029617929,0.9356060606060606,1.0,1.2058823529411764,93,13.421052631578947,0.0,0.0,False,False,False,larva_015,20.10
1,9401,552.1076476573944,0.38755771872789263,0.4963569165786695,1.7282218084608674,1.082191780821918,482,15.542495479204339,0.0,0.0,True,True,False,larva_016,20.10
2,202,63.94112479686737,0.6208700206553167,0.8938053097345132,1.4754057179428104,0.7272727272727273,19,255.0,0.0,0.0,True,False,True,larva_016,20.10
3,16,13.071067690849304,1.1768137096992943,1.5238095238095237,1.6496494522011305,0.6666666666666666,2,255.0,0.0,0.0,True,False,True,larva_016,20.10
4,149,72.08326065540314,0.36035228921611445,0.8032345013477089,2.737018112186309,0.5172413793103449,27,255.0,0.0,0.0,True,True,True,larva_016,20.10
5,42,23.55634880065918,0.9511372745386679,1.2537313432835822,1.345667515909286,1.4285714285714286,8,255.0,0.0,0.0,True,False,True,larva_016,20.10
6,18,13.071067690849304,1.3239154234117063,1.565217391304348,1.4879618414128677,0.6666666666666666,2,255.0,0.0,0.0,True,False,True,larva_016,20.10
1,882,122.0,0.7446613062257988,0.98,1.0,0.7027027027027027,78,25.4421768707483,0.0,0.0,False,False,False,larva_001,20.10
1,2055,183.65685415267944,0.7656096664958444,0.9627547434996486,2.0048241022075315,1.1111111111111112,166,11.912408759124089,0.0,0.0,False,False,False,larva_002,20.10
1,1539,168.0,0.6852198262294065,0.9052941176470588,1.0,0.6862745098039216,124,16.403508771929825,0.0,0.0,False,False,False,larva_003,20.10
1,1142,138.0,0.7535599265699524,0.9612794612794613,1.0,1.088235294117647,87,2.009632224168126,0.0,0.0,False,False,False,larva_004,20.10
1,962,126.0,0.7614543040446916,0.9816326530612245,1.0,1.2413793103448276,79,17.494802494802496,0.0,0.0,False,False,False,larva_005,20.10
1,933,124.0,0.7625145540580845,0.9800420168067226,1.0,0.8285714285714286,77,18.585209003215432,0.0,0.0,False,False,False,larva_006,20.10
1,5885,396.4264067411423,0.4705775228348769,0.5793748461727788,1.5414903558161186,0.7131147540983607,351,18.32880203908241,0.0,0.0,True,True,False,larva_007,20.10
2,219,65.49747335910797,0.6415121483660884,0.9299363057324841,1.3691484503549072,1.2941176470588236,22,255.0,0.0,0.0,True,False,True,larva_007,20.10
3,28,19.55634880065918,0.9200095726359135,1.3333333333333333,2.6717257637587783,0.875,4,255.0,0.0,0.0,True,False,True,larva_007,20.10
4,81,37.21320307254791,0.7350227428556689,1.0728476821192052,1.9433657230955106,1.4,10,255.0,0.0,0.0,True,False,True,larva_007,20.10
1,997,130.0,0.741341509024621,0.9441287878787878,1.0,1.0303030303030303,85,11.253761283851555,0.0,0.0,False,False,False,larva_008,20.10
1,908,122.0,0.7666127733027498,0.9763440860215054,1.0,1.032258064516129,75,1.6850220264317182,0.0,0.0,False,False,False,larva_009,20.10
1,953,126.0,0.7543305111794086,0.9626262626262626,1.0,0.9117647058823529,81,7.492130115424974,0.0,0.0,False,False,False,larva_010,20.10
1,1107,136.0,0.7521070647759301,0.9609375,1.0,1.121212121212121,87,17.73712737127371,0.0,0.0,False,False,False,larva_011,20.10
1,937,124.0,0.765783641106565,0.9750260145681582,1.0,1.0,77,1.9050160085378869,0.0,0.0,False,False,False,larva_012,20.10
1,949,126.0,0.7511643810170606,0.962474645030426,1.0,0.8571428571428571,78,4.0305584826132765,0.0,0.0,False,False,False,larva_013,20.10
1,849,118.0,0.7662200985055255,0.9758620689655172,1.0,1.0333333333333334,73,4.204946996466431,0.0,0.0,False,False,False,larva_014,20.10
1,890,122.0,0.7514156037879376,0.959051724137931,1.0,0.9090909090909091,78,8.595505617977528,0.0,0.0,False,False,False,larva_015,20.10
1,902,122.0,0.7615470501311458,0.9698924731182795,1.0,1.032258064516129,75,6.219512195121951,0.0,0.0,False,False,False,larva_016,20.10
1,874,120.0,0.762708883121522,0.9721913236929922,1.0,0.9375,75,4.959954233409611,0.0,0.0,False,False,False,larva_017,20.10
1,6601,428.7106773853302,0.4513266687211197,0.548119239392178,1.8948399684039825,0.8333333333333334,382,18.851689138009394,0.0,0.0,True,True,False,larva_018,20.10
2,219,66.7695517539978,0.6173011094387776,0.9690265486725663,2.0891607837777726,1.5333333333333334,16,255.0,0.0,0.0,True,False,True,larva_018,20.10
3,69,32.627416372299194,0.8145046806220817,1.069767441860465,1.2633873025109823,0.9090909090909091,4,255.0,0.0,0.0,True,False,True,larva_018,20.10
4,8,8.485281229019165,1.3962634493875254,2.0,1.0,1.0,2,255.0,0.0,0.0,True,False,True,larva_018,20.10
1,1147,138.0,0.7568592257230609,0.96875,1.0,0.868421052631579,88,6.891891891891892,0.0,0.0,False,False,False,larva_001,20.10
1,903,122.0,0.7623913373264131,0.9772727272727273,1.0,1.1724137931034482,75,2.823920265780731,0.0,0.0,False,False,False,larva_002,20.10
1,911,124.0,0.7445345752914416,0.9732905982905983,1.0,0.7297297297297297,78,25.192096597145994,0.0,0.0,False,False,False,larva_003,20.10
1,1930,185.65685415267944,0.7036313781582244,0.8772727272727273,1.0487634503168852,1.0425531914893618,179,65.9300518134715,0.0,0.0,True,False,True,larva_004,20.10
2,8,8.485281229019165,1.3962634493875254,2.0,1.0,1.0,2,255.0,0.0,0.0,True,False,True,larva_004,20.10
1,935,124.0,0.7641490975823249,0.9739583333333334,1.0,1.064516129032258,77,1.6363636363636365,0.0,0.0,False,False,False,larva_005,20.10
1,1023,130.0,0.7606743868928659,0.9705882352941176,1.0,1.09375,82,1.2463343108504399,0.0,0.0,False,False,False,larva_006,20.10
1,878,120.0,0.7661995416255106,0.9755555555555555,1.0,1.0,74,3.4851936218678814,0.0,0.0,False,False,False,larva_007,20.10
1,1138,140.0,0.7296188652622826,0.9358552631578947,1.0,1.1818181818181819,92,23.304042179261863,0.0,0.0,False,False,False,larva_008,20.10
1,5394,376.08326148986816,0.47923971047340164,0.5798752956353472,1.7280080320305495,0.7927927927927928,300,14.938820912124582,0.0,0.0,True,True,False,larva_009,20.10
2,298,90.7106763124466,0.4551026016803565,0.8816568047337278,1.554094587876548,1.0833333333333333,34,255.0,0.0,0.0,True,False,True,larva_009,20.10
3,37,22.14213538169861,0.9483585947741592,1.2542372881355932,1.7108871627930229,1.6666666666666667,8,255.0,0.0,0.0,True,False,True,larva_009,20.10
1,1683,174.0,0.6985467612619398,0.9097297297297298,1.0,1.3421052631578947,125,10.303030303030305,0.0,0.0,False,False,False,larva_010,20.10
2,47,28.041629910469055,0.7511059727103012,1.1058823529411765,1.4727990945283485,0.7,5,255.0,0.0,0.0,True,False,True,larva_010,20.10
1,973,126.0,0.7701611619911486,0.9808467741935484,1.0,1.03125,78,10.745118191161357,0.0,0.0,False,False,False,larva_011,20.10
1,1279,146.0,0.7540058179660998,0.9602102102102102,1.0,1.027027027027027,112,10.76622361219703,0.0,0.0,False,False,False,larva_012,20.10
1,1152,140.0,0.7385948442725391,0.9528535980148883,1.0,1.25,90,12.174479166666666,0.0,0.0,False,False,False,larva_013,20.10
1,878,120.0,0.7661995416255106,0.9766407119021134,1.0,0.9375,74,4.646924829157175,0.0,0.0,False,False,False,larva_014,20.10
1,1180,146.0,0.6956425842064095,0.899390243902439,1.0,1.2727272727272727,104,37.38559322033898,0.0,0.0,False,False,False,larva_015,20.10
1,870,120.0,0.7592182246175333,0.9709821428571429,1.0,0.8787878787878788,76,5.275862068965517,0.0,0.0,False,False,False,larva_016,20.10
1,1171,140.0,0.750776530072173,0.9848612279226241,1.0,0.7142857142857143,119,41.59265584970111,0.0,0.0,True,False,True,larva_001,21.10
1,15682,748.180801987648,0.3520450102440997,0.6992464440183707,8.458401680654132,1.6491228070175439,701,9.479977043744421,0.0,0.0,True,True,False,larva_002,21.10
2,19,17.55634891986847,0.7746313296572844,1.4615384615384615,2.8079276943588227,1.0,5,255.0,0.0,0.0,True,False,True,larva_002,21.10
1,1034,132.0,0.7457315894884863,0.9574074074074074,1.0,0.8378378378378378,85,12.330754352030947,0.0,0.0,False,False,False,larva_003,21.10
1,1091,136.0,0.7412365019607405,0.951176983435048,1.0,0.8421052631578947,87,15.659945004582951,0.0,0.0,False,False,False,larva_004,21.10
1,1022,130.0,0.7599308146671641,0.9678030303030303,1.0,1.0303030303030303,80,4.990215264187866,0.0,0.0,False,False,False,larva_005,21.10
1,1038,132.0,0.7486164312273199,0.9566820276497696,1.0,1.125,85,12.03757225433526,0.0,0.0,False,False,False,larva_006,21.10
1,930,124.0,0.7600627387717241,0.976890756302521,1.0,0.8285714285714286,77,12.338709677419354,0.0,0.0,False,False,False,larva_007,21.10
1,932,124.0,0.7616972822959645,0.9738766980146291,1.0,1.1333333333333333,79,16.416309012875537,0.0,0.0,False,False,False,larva_008,21.10
1,2870,236.82842707633972,0.6430194351665554,0.8243573172483125,1.4339664393500622,0.7794117647058824,236,19.369337979094077,0.0,0.0,False,False,False,larva_009,21.10
2,29,21.79898953437805,0.7668936401197713,1.2608695652173914,2.142631887360553,0.7777777777777778,5,255.0,0.0,0.0,True,False,True,larva_009,21.10
3,5,5.656854152679443,1.9634954757012075,2.5,1.0,1.0,1,255.0,0.0,0.0,True,False,True,larva_009,21.10
4,11,11.313708066940308,1.0799225571509967,1.8333333333333333,1.0,1.0,3,255.0,0.0,0.0,True,False,True,larva_009,21.10
1,876,120.0,0.7644542123735164,0.9776785714285714,1.0,1.1379310344827587,74,4.075342465753424,0.0,0.0,False,False,False,larva_010,21.10
1,974,128.0,0.7470486437003072,0.9521016617790812,1.0,1.0625,81,6.54517453798768,0.0,0.0,False,False,False,larva_011,21.10
1,1023,132.0,0.7377982747066939,0.9428571428571428,1.0,1.125,85,6.480938416422287,0.0,0.0,False,False,False,larva_012,21.10
1,1027,130.0,0.7636486757956729,0.9743833017077799,1.0,1.09375,83,3.72444011684518,0.0,0.0,False,False,False,larva_013,21.10
1,6130,400.91168820858,0.47926189736753805,0.5969713200564835,2.249913926950465,0.7235772357723578,378,24.335236541598697,0.0,0.0,True,True,False,larva_014,21.10
2,8,7.656854152679443,1.7147432482071245,2.0,1.414213626312762,1.3333333333333333,2,255.0,0.0,0.0,True,False,True,larva_014,21.10
3,45,26.38477599620819,0.8122983198837948,1.1538461538461537,1.6716379320085053,0.8888888888888888,6,255.0,0.0,0.0,True,False,True,larva_014,21.10
4,39,28.627416372299194,0.5980123619846486,1.04,2.129390812609256,1.1111111111111112,7,255.0,0.0,0.0,True,False,True,larva_014,21.10
5,5,5.656854152679443,1.9634954757012075,2.5,1.0,1.0,1,255.0,0.0,0.0,True,False,True,larva_014,21.10
6,5,5.656854152679443,1.9634954757012075,2.5,1.0,1.0,1,255.0,0.0,0.0,True,False,True,larva_014,21.10
7,8,7.656854152679443,1.7147432482071245,2.0,1.414213626312762,0.75,2,255.0,0.0,0.0,True,False,True,larva_014,21.10
8,5,5.656854152679443,1.9634954757012075,2.5,1.0,1.0,1,255.0,0.0,0.0,True,False,True,larva_014,21.10
9,8,8.485281229019165,1.3962634493875254,2.0,1.0,1.0,2,255.0,0.0,0.0,True,False,True,larva_014,21.10
1,15392,726.3818128108978,0.3665852572442487,0.7200767233515005,5.937360975621989,1.5085714285714287,706,9.161577442827443,0.0,0.0,True,True,False,larva_001,21.10
2,5,5.656854152679443,1.9634954757012075,2.5,1.0,1.0,1,255.0,0.0,0.0,True,False,True,larva_001,21.10
3,5,5.656854152679443,1.9634954757012075,2.5,1.0,1.0,1,255.0,0.0,0.0,True,False,True,larva_001,21.10
4,5,5.656854152679443,1.9634954757012075,2.5,1.0,1.0,1,255.0,0.0,0.0,True,False,True,larva_001,21.10
1,1544,162.0,0.7393109369216034,0.9426129426129426,1.0,1.075,106,5.615284974093265,0.0,0.0,False,False,False,larva_002,21.10
1,3168,229.59798002243042,0.7551946614077106,0.8922686945500634,1.4212053762566372,1.11864406779661,184,6.841856060606061,0.0,0.0,False,False,False,larva_003,21.10
1,2348,210.82842707633972,0.6638189091807103,0.8556851311953353,1.1656839020001044,0.7419354838709677,155,18.028109028960817,0.0,0.0,False,False,False,larva_004,21.10
2,8,8.485281229019165,1.3962634493875254,2.0,1.0,1.0,2,255.0,0.0,0.0,True,False,True,larva_004,21.10
3,10,9.071067690849304,1.527189918454808,1.8181818181818181,1.0,1.0,2,255.0,0.0,0.0,True,False,True,larva_004,21.10
4,5,5.656854152679443,1.9634954757012075,2.5,1.0,1.0,1,255.0,0.0,0.0,True,False,True,larva_004,21.10
1,982,128.0,0.7531845668518499,0.967487684729064,1.0,0.8333333333333334,81,11.685336048879837,0.0,0.0,False,False,False,larva_005,21.10
1,972,128.0,0.7455146629124216,0.9642857142857143,1.0,0.7837837837837838,82,23.348765432098766,0.0,0.0,False,False,False,larva_006,21.10
1,991,128.0,0.7600874803973352,0.9687194525904204,1.0,1.0625,80,2.315842583249243,0.0,0.0,False,False,False,larva_007,21.10
1,1069,134.0,0.7481315541740897,0.9544642857142858,1.0,1.0909090909090908,84,8.82600561272217,0.0,0.0,False,False,False,larva_008,21.10
1,993,128.0,0.7616214611852209,0.9735294117647059,1.0,0.8857142857142857,80,8.731117824773413,0.0,0.0,False,False,False,larva_009,21.10
1,984,128.0,0.7547185476397354,0.9609375,1.0,1.0,80,0.777439024390244,0.0,0.0,False,False,False,larva_010,21.10
1,1095,134.0,0.7663274572690629,0.9759358288770054,1.0,1.0294117647058822,83,1.8630136986301369,0.0,0.0,False,False,False,larva_011,21.10
1,1019,132.0,0.7349134329678603,0.9435185185185185,1.0,1.1935483870967742,84,10.00981354268891,0.0,0.0,False,False,False,larva_012,21.10
1,1045,132.0,0.7536649042702787,0.9675925925925926,1.0,1.1935483870967742,84,1.9521531100478469,0.0,0.0,False,False,False,larva_013,21.10
1,8638,462.57568097114563,0.5072913651697211,0.7916418457590615,3.6200818229033707,1.4035087719298245,384,4.782357027089604,0.0,0.0,True,True,False,larva_001,21.10
1,1361,150.0,0.7601257958285704,0.9693732193732194,1.0,0.925,93,2.4357090374724466,0.0,0.0,False,False,False,larva_002,21.10
1,968,126.0,0.7662034992882136,0.9817444219066938,1.0,0.8571428571428571,79,16.332644628099175,0.0,0.0,False,False,False,larva_003,21.10
1,958,126.0,0.7582881738823436,0.9676767676767677,1.0,0.9117647058823529,80,9.050104384133611,0.0,0.0,False,False,False,larva_004,21.10
1,2646,228.0,0.6396317452599717,0.8590909090909091,1.0,0.6338028169014085,218,32.67006802721089,0.0,0.0,False,False,False,larva_005,21.10
2,5,5.656854152679443,1.9634954757012075,2.5,1.0,1.0,1,255.0,0.0,0.0,True,False,True,larva_005,21.10
1,940,124.0,0.7682354563929255,0.9791666666666666,1.0,0.9393939393939394,75,5.696808510638298,0.0,0.0,False,False,False,larva_006,21.10
1,1166,140.0,0.7475708232827957,0.9588815789473685,1.0,1.1818181818181819,89,1.5308747855917666,0.0,0.0,False,False,False,larva_007,21.10
1,999,128.0,0.7662234035488777,0.9842364532019704,1.0,1.2,81,4.33933933933934,0.0,0.0,False,False,False,larva_008,21.10
1,868,120.0,0.757472895365539,0.9655172413793104,1.0,1.0666666666666667,77,11.751152073732719,0.0,0.0,False,False,False,larva_009,21.10
1,846,118.0,0.7635126069913717,0.9724137931034482,1.0,1.0333333333333334,74,6.932624113475177,0.0,0.0,False,False,False,larva_010,21.10
1,868,120.0,0.757472895365539,0.9655172413793104,1.0,1.0666666666666667,75,7.050691244239632,0.0,0.0,False,False,False,larva_011,21.10
1,7526,465.0365788936615,0.43732051209181766,0.5228022645965753,1.466143316100399,0.8695652173913043,399,17.00903534414031,0.0,0.0,False,False,False,larva_012,21.10
2,24,18.485281229019165,0.8826102797989687,1.411764705882353,2.76286223743358,0.4444444444444444,6,255.0,0.0,0.0,True,False,True,larva_012,21.10
3,19,13.071067690849304,1.397466280267912,1.52,1.095273356332535,1.0,2,255.0,0.0,0.0,True,False,True,larva_012,21.10
4,114,40.627416372299194,0.867913223482944,1.1231527093596059,1.8827058726133374,1.4545454545454546,8,255.0,0.0,0.0,True,False,True,larva_012,21.10
5,11,9.656854152679443,1.4822832619654716,1.8333333333333333,1.7320508386561266,0.6,2,255.0,0.0,0.0,True,False,True,larva_012,21.10
6,292,83.74011397361755,0.523269739261924,0.984822934232715,3.392423152408708,0.5625,24,255.0,0.0,0.0,True,False,True,larva_012,21.10
1,1093,134.0,0.7649277724156035,0.9793906810035843,1.0,1.15625,83,9.098810612991766,0.0,0.0,False,False,False,larva_013,21.10
1,1207,142.0,0.7522123255074152,0.9594594594594594,1.0,1.0857142857142856,112,9.718309859154928,0.0,0.0,False,False,False,larva_001,21.10
1,1309,150.0,0.7310835170753847,0.9596774193548387,1.0,0.7111111111111111,118,22.01298701298701,0.0,0.0,False,False,False,larva_002,21.10
1,878,120.0,0.7661995416255106,0.9766407119021134,1.0,0.9375,74,4.356492027334852,0.0,0.0,False,False,False,larva_003,21.10
1,1067,132.0,0.7695315338338635,0.9834101382488479,1.0,1.125,89,3.3458294283036554,0.0,0.0,False,False,False,larva_004,21.10
1,949,126.0,0.7511643810170606,0.9585858585858585,1.0,0.9117647058823529,80,4.836670179135933,0.0,0.0,False,False,False,larva_005,21.10
1,1100,136.0,0.7473511935442847,0.9523809523809523,1.0,1.0588235294117647,85,0.9272727272727272,0.0,0.0,False,False,False,larva_006,21.10
1,845,118.0,0.7626101098199871,0.9735023041474654,1.0,1.103448275862069,74,7.846153846153847,0.0,0.0,False,False,False,larva_007,21.10
1,873,120.0,0.7618362184955249,0.9710789766407119,1.0,1.0666666666666667,75,4.381443298969073,0.0,0.0,False,False,False,larva_008,21.10
1,1624,174.0,0.674058193873672,0.9113355780022446,1.0,0.6181818181818182,144,49.618226600985224,0.0,0.0,True,False,True,larva_009,21.10
2,5,5.656854152679443,1.9634954757012075,2.5,1.0,1.0,1,255.0,0.0,0.0,True,False,True,larva_009,21.10
1,1081,136.0,0.7344424002012471,0.935930735930736,1.0,0.9444444444444444,88,5.189639222941721,0.0,0.0,False,False,False,larva_010,21.10
1,5203,343.69848465919495,0.5534883130881222,0.7960526315789473,2.9385575875461494,2.2142857142857144,287,6.665385354603114,0.0,0.0,True,True,False,larva_001,24.10
1,9640,553.0365792512894,0.39607659767831266,0.5606770000290807,2.9861125382887,1.8431372549019607,493,14.046161825726141,0.0,0.0,True,True,False,larva_002,24.10
2,89,37.79898953437805,0.7827795843840466,1.119496855345912,2.3297280070034496,1.6666666666666667,10,255.0,0.0,0.0,True,False,True,larva_002,24.10
3,27,17.899494767189026,1.0589905453442345,1.3170731707317074,1.482593612835477,1.1666666666666667,6,255.0,0.0,0.0,True,False,True,larva_002,24.10
4,47,26.3847758769989,0.8484004751005171,1.205128205128205,2.3416815594642313,1.1111111111111112,5,255.0,0.0,0.0,True,False,True,larva_002,24.10
1,1175,140.0,0.7533410955036749,0.9718775847808105,1.0,0.8,95,15.625531914893617,0.0,0.0,False,False,False,larva_003,24.10
1,1002,130.0,0.7450593701531296,0.9506641366223909,1.0,1.09375,82,11.197604790419161,0.0,0.0,False,False,False,larva_004,24.10
1,932,124.0,0.7616972822959645,0.9789915966386554,1.0,1.206896551724138,79,11.491416309012875,0.0,0.0,False,False,False,larva_005,24.10
1,871,120.0,0.7600908892435305,0.9677777777777777,1.0,1.0,74,3.220436280137773,0.0,0.0,False,False,False,larva_006,24.10
1,975,128.0,0.7478156340942501,0.9530791788856305,1.0,1.0625,81,6.276923076923077,0.0,0.0,False,False,False,larva_007,24.10
1,1398,158.0,0.703724808479175,0.9137254901960784,1.0,1.3142857142857143,107,4.742489270386266,0.0,0.0,False,False,False,larva_008,24.10
1,1278,150.0,0.713769850895601,0.9369501466275659,1.0,1.40625,100,30.927230046948356,0.0,0.0,False,False,False,larva_009,24.10
2,5,5.656854152679443,1.9634954757012075,2.5,1.0,1.0,1,255.0,0.0,0.0,True,False,True,larva_009,24.10
1,897,122.0,0.757325614154809,0.964516129032258,1.0,0.96875,76,3.979933110367893,0.0,0.0,False,False,False,larva_010,24.10
1,1678,176.0,0.6807324990603916,0.8780743066457353,1.0,0.8,122,2.431466030989273,0.0,0.0,False,False,False,larva_011,24.10
1,1581,168.0,0.7039197825007742,0.9501201923076923,1.0,1.606060606060606,129,23.548387096774196,0.0,0.0,False,False,False,larva_012,24.10
1,1210,148.0,0.6941795308333911,0.8897058823529411,1.0,0.8536585365853658,99,9.272727272727273,0.0,0.0,False,False,False,larva_013,24.10
1,1114,138.0,0.7350838513125456,0.9521367521367521,1.0,0.775,90,16.252244165170556,0.0,0.0,False,False,False,larva_014,24.10
1,970,126.0,0.7677865643693875,0.9797979797979798,1.0,0.9117647058823529,79,2.1030927835051547,0.0,0.0,False,False,False,larva_015,24.10
1,1155,144.0,0.6999497521018926,0.8912037037037037,1.0,1.0,95,6.8441558441558445,0.0,0.0,False,False,False,larva_016,24.10
1,1024,134.0,0.7166386449712515,0.9377289377289377,1.0,1.3793103448275863,87,26.89453125,0.0,0.0,False,False,False,larva_017,24.10
1,1129,140.0,0.7238485930414034,0.9246519246519247,1.0,0.8947368421052632,91,5.8724534986713905,0.0,0.0,False,False,False,larva_018,24.10
1,1071,134.0,0.7495312390275493,0.95625,1.0,0.9166666666666666,86,1.9047619047619049,0.0,0.0,False,False,False,larva_019,24.10
1,1269,150.0,0.7087433026498573,0.9222383720930233,1.0,1.3333333333333333,101,11.052009456264777,0.0,0.0,False,False,False,larva_020,24.10
1,5455,391.899494767189,0.44632910888072,0.8139968663732,3.9733484816336784,0.2903225806451613,374,28.74885426214482,0.0,0.0,True,True,False,larva_021,24.10
1,1617,172.0,0.6868517199641287,0.8983333333333333,1.0,0.7254901960784313,118,5.361781076066791,0.0,0.0,False,False,False,larva_022,24.10
1,1291,152.0,0.7021807679682173,0.8996515679442508,1.0,1.1666666666666667,101,3.752904725019365,0.0,0.0,False,False,False,larva_023,24.10
1,1551,168.0,0.6905626708783686,0.8872997711670481,1.0,1.205128205128205,112,3.4526112185686655,0.0,0.0,False,False,False,larva_024,24.10
1,1021,132.0,0.736355853837277,0.9595864661654135,1.0,1.3448275862068966,86,14.735553379040157,0.0,0.0,False,False,False,larva_025,24.10
1,934,126.0,0.7392913929082556,0.947261663286004,1.0,1.1666666666666667,81,15.835117773019272,0.0,0.0,False,False,False,larva_026,24.10
1,2858,243.41421353816986,0.6061501545367711,0.7895027624309392,1.5637954528428337,0.7222222222222222,193,19.896780965710285,0.0,0.0,True,True,False,larva_027,24.10
1,1590,178.0,0.6306189015538153,0.803030303030303,1.0,0.9782608695652174,125,6.735849056603773,0.0,0.0,False,False,False,larva_028,24.10
2,94,34.97056245803833,0.9659007042498983,1.1393939393939394,1.113838284223482,1.0,4,255.0,0.0,0.0,True,False,True,larva_028,24.10
1,1704,174.0,0.7072630310103062,0.9015873015873016,1.0,1.069767441860465,114,1.0475352112676057,0.0,0.0,False,False,False,larva_029,24.10
1,2468,210.24264061450958,0.7016385045017826,0.9286923800564441,2.0830931484297377,0.6363636363636364,145,6.9226094003241485,0.0,0.0,False,False,False,larva_030,24.10
1,1774,184.0,0.6584576284816037,0.8447619047619047,1.0,1.186046511627907,138,13.51183765501691,0.0,0.0,False,False,False,larva_031,24.10
1,1107,138.0,0.7304648324981939,0.9543103448275863,1.0,0.7317073170731707,88,24.647696476964768,0.0,0.0,False,False,False,larva_032,24.10
1,1852,188.0,0.658468718249015,0.8703007518796992,1.0,1.4615384615384615,131,7.297516198704104,0.0,0.0,False,False,False,larva_033,24.10
1,1059,134.0,0.7411331299067924,0.9489247311827957,1.0,0.8648648648648649,86,3.8526912181303117,0.0,0.0,False,False,False,larva_034,24.10
1,2385,198.3847759962082,0.7615204396239668,0.9393461992910594,1.4373011128920845,0.75,144,4.70440251572327,0.0,0.0,False,False,False,larva_035,24.10
1,2820,223.4558436870575,0.7097011994471363,0.8770020214585601,1.5144148808685738,0.7761194029850746,168,11.936170212765958,0.0,0.0,False,False,False,larva_036,24.10
1,1958,182.82842707633972,0.7360970981353859,0.9417989417989417,1.1422647217783402,0.7735849056603774,132,7.683861082737487,0.0,0.0,False,False,False,larva_037,24.10
1,1465,162.0,0.7014834990868842,0.8998771498771498,1.0,1.1842105263157894,109,9.051194539249147,0.0,0.0,False,False,False,larva_038,24.10
1,1116,138.0,0.736403570973789,0.9538461538461539,1.0,1.2903225806451613,88,3.8844086021505375,0.0,0.0,False,False,False,larva_039,24.10
1,1493,164.0,0.6975606531543072,0.8902802623732856,1.0,0.9090909090909091,111,5.465505693235097,0.0,0.0,False,False,False,larva_040,24.10
1,1007,130.0,0.7487772312816382,0.9645593869731801,1.0,1.2333333333333334,82,4.051638530287984,0.0,0.0,False,False,False,larva_041,24.10
1,1070,134.0,0.7488313966008195,0.963963963963964,1.0,1.2258064516129032,86,7.864485981308412,0.0,0.0,False,False,False,larva_042,24.10
1,1040,134.0,0.7278361237989273,0.9269162210338681,1.0,0.9714285714285714,87,8.091346153846155,0.0,0.0,False,False,False,larva_043,24.10
1,5004,318.0243853330612,0.6217364387233059,0.7924617942829995,1.9888513016749982,1.4054054054054055,264,6.828537170263789,0.0,0.0,True,True,False,larva_001,24.10
2,23,22.627416491508484,0.5645049552121235,1.0454545454545454,1.4712068030417051,1.3333333333333333,5,255.0,0.0,0.0,True,False,True,larva_001,24.10
1,6274,367.2792190313339,0.5844692482930316,0.7897287431556422,2.3542119984071137,1.3043478260869565,314,7.072043353522473,0.0,0.0,True,True,False,larva_002,24.10
2,8,8.485281229019165,1.3962634493875254,2.0,1.0,1.0,2,255.0,0.0,0.0,True,False,True,larva_002,24.10
3,45,24.97056233882904,0.90691321910368,1.2,1.6104140637817237,1.4285714285714286,6,255.0,0.0,0.0,True,False,True,larva_002,24.10
4,8,8.485281229019165,1.3962634493875254,2.0,1.0,1.0,2,255.0,0.0,0.0,True,False,True,larva_002,24.10
1,3949,256.0243867635727,0.7570670219368872,0.9201910753815682,1.804320726266215,1.1,203,3.0995188655355785,0.0,0.0,False,False,False,larva_003,24.10
1,1190,142.0,0.7416177857115361,0.9459459459459459,1.0,0.9210526315789473,90,4.5,0.0,0.0,False,False,False,larva_004,24.10
1,963,126.0,0.7622458365852786,0.9727272727272728,1.0,1.096774193548387,80,11.386292834890966,0.0,0.0,False,False,False,larva_005,24.10
1,1965,191.41421353816986,0.6739443737050692,0.8563957289169754,1.0655031156997088,0.8846153846153846,127,5.320610687022901,0.0,0.0,False,False,False,larva_006,24.10
1,1082,136.0,0.7351218103771964,0.9367965367965368,1.0,1.0588235294117647,88,7.070240295748613,0.0,0.0,False,False,False,larva_007,24.10
1,4318,288.8111822605133,0.6505257518910887,0.8466666666666667,2.2284356419667413,1.484375,241,5.433070866141732,0.0,0.0,True,True,False,larva_001,25.10
1,1175,144.0,0.712070094129631,0.912975912975913,1.0,1.1764705882352942,94,2.3872340425531915,0.0,0.0,False,False,False,larva_002,25.10
1,1192,146.0,0.7027169155712204,0.8948948948948949,1.0,1.027027027027027,97,17.755872483221477,0.0,0.0,False,False,False,larva_003,25.10
1,971,128.0,0.7447476725184788,0.9491691104594331,1.0,1.0625,81,3.6766220391349123,0.0,0.0,False,False,False,larva_004,25.10
1,1601,166.0,0.7301044909852313,0.929732868757259,1.0,1.0238095238095237,139,10.671455340412242,0.0,0.0,False,False,False,larva_005,25.10
1,3871,267.9827548265457,0.6773596786865203,0.8272251308900523,1.4812755241705695,0.8974358974358975,217,10.27641436321364,0.0,0.0,False,False,False,larva_006,25.10
2,5,5.656854152679443,1.9634954757012075,2.5,1.0,1.0,1,255.0,0.0,0.0,True,False,True,larva_006,25.10
1,1149,138.0,0.7581789453843042,0.9671717171717171,1.0,1.088235294117647,93,3.5509138381201044,0.0,0.0,False,False,False,larva_007,25.10
1,1073,134.0,0.7509309238810087,0.9563279857397504,1.0,0.9714285714285714,85,2.3765144454799625,0.0,0.0,False,False,False,larva_008,25.10
1,1285,150.0,0.7176793884200683,0.9218077474892395,1.0,1.2,100,22.225680933852143,0.0,0.0,False,False,False,larva_009,25.10
1,1122,138.0,0.740362729957519,0.9524617996604414,1.0,1.21875,90,18.409090909090907,0.0,0.0,False,False,False,larva_010,25.10
1,1764,188.0,0.6271807877922584,0.8542372881355932,1.0,1.6666666666666667,136,24.57482993197279,0.0,0.0,False,False,False,larva_011,25.10
1,1293,152.0,0.7032685770587955,0.9183238636363636,1.0,0.7333333333333333,103,5.127610208816706,0.0,0.0,False,False,False,larva_012,25.10
1,875,120.0,0.7635815477475191,0.9722222222222222,1.0,1.0,74,3.4971428571428573,0.0,0.0,False,False,False,larva_013,25.10
1,1194,144.0,0.7235844190559824,0.9241486068111455,1.0,0.8974358974358975,96,32.24874371859296,0.0,0.0,False,False,False,larva_014,25.10
1,975,128.0,0.7478156340942501,0.9530791788856305,1.0,0.9411764705882353,83,17.26153846153846,0.0,0.0,False,False,False,larva_015,25.10
1,903,122.0,0.7623913373264131,0.9730603448275862,1.0,1.1,76,7.3421926910299,0.0,0.0,False,False,False,larva_016,25.10
1,1105,136.0,0.7507482444240314,0.9558823529411765,1.0,1.0,85,3.0,0.0,0.0,False,False,False,larva_017,25.10
1,1638,176.0,0.6645052642794527,0.8621052631578947,1.0,1.3076923076923077,128,6.8498168498168495,0.0,0.0,False,False,False,larva_018,25.10
1,1824,184.82842707633972,0.6709608231430267,0.8571428571428571,1.5631636750989673,0.7924528301886793,129,13.560855263157894,0.0,0.0,False,False,False,larva_019,25.10
1,1655,178.0,0.6563989195418644,0.8487179487179487,1.0,0.7843137254901961,124,4.314199395770393,0.0,0.0,False,False,False,larva_020,25.10
1,1489,164.0,0.6956917699576446,0.8878950506857484,1.0,1.1,110,12.844190732034923,0.0,0.0,False,False,False,larva_021,25.10
1,1097,138.0,0.7238662341919772,0.9218487394957983,1.0,0.9722222222222222,92,16.271649954421147,0.0,0.0,False,False,False,larva_022,25.10
1,1454,162.0,0.6962163874896448,0.8876678876678876,1.0,0.9302325581395349,109,17.18707015130674,0.0,0.0,False,False,False,larva_023,25.10
1,1293,148.0,0.7417968044360121,0.9472527472527472,1.0,0.9,93,2.7610208816705337,0.0,0.0,False,False,False,larva_024,25.10
1,1350,152.0,0.7342711361402737,0.9355509355509356,1.0,1.0526315789473684,98,2.6444444444444444,0.0,0.0,False,False,False,larva_025,25.10
1,1304,154.0,0.690949033611248,0.8798920377867746,1.0,1.0256410256410255,105,15.253067484662576,0.0,0.0,False,False,False,larva_026,25.10
1,1379,152.0,0.7500443679536574,0.9609756097560975,1.0,0.8571428571428571,120,12.389412617839014,0.0,0.0,False,False,False,larva_027,25.10
1,4784,331.5979789495468,0.5467355141758494,0.6716742716742716,1.2731524561854,0.8144329896907216,277,15.08465719063545,0.0,0.0,False,False,False,larva_028,25.10
2,43,22.14213526248932,1.102146486875325,1.2647058823529411,1.2508251669953987,0.7777777777777778,1,255.0,0.0,0.0,True,False,True,larva_028,25.10
1,1023,132.0,0.7377982747066939,0.9472222222222222,1.0,0.8378378378378378,84,5.733137829912024,0.0,0.0,False,False,False,larva_029,25.10
1,1107,140.0,0.7097434831681431,0.9103618421052632,1.0,1.1818181818181819,92,10.365853658536585,0.0,0.0,False,False,False,larva_001,25.10
1,34700,1499.6824547052383,0.19388344048479925,0.5592129118554748,4.57873182247294,0.8693877551020408,1370,7.076801152737752,0.0,0.0,True,True,False,larva_002,25.10
2,66,43.012192726135254,0.44830195561195574,0.9565217391304348,2.344302562612838,0.7857142857142857,14,255.0,0.0,0.0,True,False,True,larva_002,25.10
3,29,20.38477599620819,0.8769926932697597,1.2340425531914894,1.2406186742236913,1.0,4,255.0,0.0,0.0,True,False,True,larva_002,25.10
4,34,31.698484182357788,0.4252181478392489,0.9444444444444444,2.5801040097192796,1.7142857142857142,10,255.0,0.0,0.0,True,False,True,larva_002,25.10
1,1615,170.0,0.7022383578612479,0.9313725490196079,1.0,1.4857142857142858,148,35.05263157894737,0.0,0.0,False,False,False,larva_003,25.10
1,1124,138.0,0.7416824496187623,0.9445378151260504,1.0,1.0285714285714285,87,1.3612099644128113,0.0,0.0,False,False,False,larva_004,25.10
1,1262,148.0,0.724012039596479,0.922514619883041,1.0,0.9487179487179487,97,2.0206022187004753,0.0,0.0,False,False,False,larva_005,25.10
1,1548,160.24264061450958,0.7575732553296414,0.9479485609308022,1.2237967898606887,0.9302325581395349,126,13.837209302325581,0.0,0.0,False,False,False,larva_006,25.10
1,3287,243.01219296455383,0.6994447890553676,0.8642040226107532,1.5858830487706461,0.7837837837837838,201,18.463644660784908,0.0,0.0,False,False,False,larva_007,25.10
2,5,5.656854152679443,1.9634954757012075,2.5,1.0,1.0,1,255.0,0.0,0.0,True,False,True,larva_007,25.10
1,1349,156.0,0.6965825919941866,0.9017379679144385,1.0,0.7777777777777778,104,20.226093402520384,0.0,0.0,False,False,False,larva_008,25.10
1,1315,150.0,0.7344345492392138,0.9352773826458037,1.0,0.9743589743589743,95,2.326996197718631,0.0,0.0,False,False,False,larva_009,25.10
1,1279,146.0,0.7540058179660998,0.9602102102102102,1.0,1.027027027027027,91,2.591868647380766,0.0,0.0,False,False,False,larva_010,25.10
1,1331,154.0,0.7052554936630147,0.9243055555555556,1.0,0.717391304347826,104,1.724267468069121,0.0,0.0,False,False,False,larva_011,25.10
1,1142,138.0,0.7535599265699524,0.9612794612794613,1.0,1.088235294117647,87,4.019264448336252,0.0,0.0,False,False,False,larva_012,25.10
1,1041,132.0,0.7507800625314451,0.9594470046082949,1.0,1.125,85,5.878962536023055,0.0,0.0,False,False,False,larva_013,25.10
1,1415,156.0,0.7306629856721824,0.930921052631579,1.0,1.0512820512820513,101,4.144876325088339,0.0,0.0,False,False,False,larva_014,25.10
1,960,126.0,0.7598712389635176,0.967741935483871,1.0,0.9696969696969697,78,5.046875,0.0,0.0,False,False,False,larva_015,25.10
1,873,120.0,0.7618362184955249,0.97,1.0,1.0,75,4.673539518900344,0.0,0.0,False,False,False,larva_016,25.10
1,946,126.0,0.7487897833952997,0.9555555555555556,1.0,1.096774193548387,81,15.364693446088795,0.0,0.0,False,False,False,larva_017,25.10
1,1664,174.0,0.6906606124419892,0.879492600422833,1.0,0.9777777777777777,115,9.9609375,0.0,0.0,False,False,False,larva_018,25.10
1,1878,185.65685415267944,0.6846734342907489,0.8640441683919945,1.3852178998398947,0.8113207547169812,128,7.875399361022365,0.0,0.0,False,False,False,larva_019,25.10
1,1732,180.0,0.671757836545373,0.8707893413775767,1.0,0.7692307692307693,124,1.766743648960739,0.0,0.0,False,False,False,larva_020,25.10
1,1170,144.0,0.7090400086226963,0.9034749034749034,1.0,0.9473684210526315,94,12.85897435897436,0.0,0.0,False,False,False,larva_021,25.10
1,44649,2040.091616511345,0.13481004639040595,0.3484378475189343,2.902159852927183,1.9553349875930521,1758,5.271450648390781,0.0,0.0,True,True,False,larva_001,26.10
2,8,7.656854152679443,1.7147432482071245,2.0,1.414213626312762,0.75,2,255.0,0.0,0.0,True,False,True,larva_001,26.10
3,30,24.3847758769989,0.6340063127535962,1.0344827586206897,1.2551908234608877,0.7777777777777778,8,255.0,0.0,0.0,True,False,True,larva_001,26.10
4,167,93.5391036272049,0.23985011308136786,0.6600790513833992,1.9149200125801273,0.6923076923076923,31,255.00000000000003,0.0,0.0,True,True,True,larva_001,26.10
5,10,9.071067690849304,1.527189918454808,1.8181818181818181,1.0,1.0,2,255.0,0.0,0.0,True,False,True,larva_001,26.10
1,1436,162.0,0.687597477603253,0.8766788766788767,1.0,1.075,110,14.738857938718663,0.0,0.0,False,False,False,larva_002,26.10
1,1152,142.0,0.71793587322663,0.9365853658536586,1.0,1.3548387096774193,95,12.838541666666666,0.0,0.0,False,False,False,larva_003,26.10
1,2002,192.24264061450958,0.6807293732770175,0.8755740214301334,2.247951066753559,1.3571428571428572,133,10.062437562437562,0.0,0.0,False,False,False,larva_004,26.10
1,978,130.0,0.7272136367362881,0.9278937381404174,1.0,0.9142857142857143,85,7.822085889570553,0.0,0.0,False,False,False,larva_005,26.10
1,1027,132.0,0.7406831164455274,0.9439338235294118,1.0,1.0606060606060606,84,6.207400194741967,0.0,0.0,False,False,False,larva_006,26.10
1,1209,148.0,0.6936058287417933,0.8889705882352941,1.0,1.1714285714285715,100,20.4590570719603,0.0,0.0,False,False,False,larva_007,26.10
1,1849,186.0,0.6716157725156119,0.8672607879924953,1.0,0.7924528301886793,126,20.82477014602488,0.0,0.0,False,False,False,larva_008,26.10
1,1225,146.0,0.7221713268244505,0.9196696696696697,1.0,1.027027027027027,95,2.0816326530612246,0.0,0.0,False,False,False,larva_009,26.10
1,2659,221.0710676908493,0.6836981171631245,0.8559472074682118,1.5291581427520087,1.0357142857142858,145,8.918766453553967,0.0,0.0,False,False,False,larva_010,26.10
1,2511,215.89949476718903,0.6769449062277979,0.8353293413173652,1.1222964076926887,1.0363636363636364,168,17.568697729988052,0.0,0.0,False,False,False,larva_011,26.10
1,2205,202.82842707633972,0.6735359983745641,0.8566433566433567,1.1055201539103863,0.8245614035087719,136,1.9659863945578233,0.0,0.0,False,False,False,larva_012,26.10
1,1301,154.0,0.6893594269388297,0.8960055096418733,1.0,1.3235294117647058,104,36.456571867794004,0.0,0.0,False,False,False,larva_013,26.10
1,964,126.0,0.7630373691258656,0.9717741935483871,1.0,1.03125,78,1.3226141078838174,0.0,0.0,False,False,False,larva_014,26.10
1,1308,154.0,0.6930685091744728,0.8861788617886179,1.0,0.8809523809523809,102,9.162844036697248,0.0,0.0,False,False,False,larva_015,26.10
1,1071,140.0,0.6866623942846263,0.9361888111888111,1.0,1.6666666666666667,96,49.285714285714285,0.0,0.0,True,False,True,larva_016,26.10
1,2036,202.0,0.6270250605537514,0.8216303470540759,1.0,1.3953488372093024,146,4.884577603143418,0.0,0.0,False,False,False,larva_017,26.10
1,1549,170.0,0.6735400720291473,0.8781179138321995,1.0,0.74,120,24.364105874757907,0.0,0.0,False,False,False,larva_018,26.10
1,1122,142.0,0.6992396265280199,0.9211822660098522,1.0,1.4333333333333333,95,29.77272727272727,0.0,0.0,False,False,False,larva_019,26.10
1,5049,341.15432846546173,0.5451467948350012,0.6469344608879493,1.2577659033977824,1.0444444444444445,289,18.434343434343432,0.0,0.0,False,False,False,larva_020,26.10
2,248,70.91168701648712,0.6197633775900644,0.9501915708812261,1.3925996442699362,1.2105263157894737,25,255.0,0.0,0.0,True,False,True,larva_020,26.10
1,6975,448.4680371284485,0.4358038718938445,0.6205239980427917,6.150951805906997,1.875,376,16.086021505376344,0.0,0.0,True,True,False,larva_001,26.10
2,33,21.313708186149597,0.9128633540087586,1.375,2.3827905873891706,0.5,7,255.0,0.0,0.0,True,False,True,larva_001,26.10
1,30130,1383.1900391578674,0.19789977031476047,0.5083730543721264,9.474170859200612,1.5449101796407185,1129,2.9198473282442747,0.0,0.0,True,True,False,larva_002,26.10
1,1622,170.82842707633972,0.6984582150044731,0.8786565547128927,1.0334477983034034,0.9555555555555556,116,17.450678175092477,0.0,0.0,False,False,False,larva_003,26.10
1,1343,152.0,0.73046380432325,0.9326388888888889,1.0,1.1081081081081081,99,5.886075949367089,0.0,0.0,False,False,False,larva_004,26.10
1,3061,263.41421353816986,0.5543636978093285,0.7193044295617437,1.165190526130783,1.3508771929824561,232,40.0702384841555,0.0,0.0,True,False,True,larva_005,26.10
2,5,5.656854152679443,1.9634954757012075,2.5,1.0,1.0,1,255.0,0.0,0.0,True,False,True,larva_005,26.10
3,5,5.656854152679443,1.9634954757012075,2.5,1.0,1.0,1,255.0,0.0,0.0,True,False,True,larva_005,26.10
4,40,24.3847758769989,0.8453417503381284,1.2121212121212122,2.7286192864714014,1.0,5,255.0,0.0,0.0,True,False,True,larva_005,26.10
5,5,5.656854152679443,1.9634954757012075,2.5,1.0,1.0,1,255.0,0.0,0.0,True,False,True,larva_005,26.10
1,3280,260.2842707633972,0.6083981147386653,0.7991229138750152,1.8396515963668276,0.6829268292682927,209,17.259146341463413,0.0,0.0,True,True,False,larva_006,26.10
2,5,5.656854152679443,1.9634954757012075,2.5,1.0,1.0,1,255.0,0.0,0.0,True,False,True,larva_006,26.10
3,5,5.656854152679443,1.9634954757012075,2.5,1.0,1.0,1,255.0,0.0,0.0,True,False,True,larva_006,26.10
1,1481,157.41421353816986,0.751064153610304,0.9508828250401284,1.0408630372206682,1.0769230769230769,109,5.854152599594869,0.0,0.0,False,False,False,larva_007,26.10
1,1814,184.0,0.6733044746705913,0.8638095238095238,1.0,1.186046511627907,127,3.233186328555678,0.0,0.0,False,False,False,larva_008,26.10
1,1150,142.0,0.7166894567800559,0.9214743589743589,1.0,0.825,91,4.878260869565217,0.0,0.0,False,False,False,larva_009,26.10
1,1274,150.0,0.7115358294530483,0.9074074074074074,1.0,0.925,99,3.8029827315541604,0.0,0.0,False,False,False,larva_010,26.10
1,1536,166.0,0.7004625222694038,0.9024676850763808,1.0,1.236842105263158,109,3.818359375,0.0,0.0,False,False,False,larva_011,26.10
1,2047,189.89949452877045,0.7133129181590018,0.879484425349087,1.158854551911198,1.0204081632653061,129,2.865168539325843,0.0,0.0,False,False,False,larva_012,26.10
1,1952,190.82842707633972,0.673602260891031,0.8572683355292051,1.112524621174366,0.8148148148148148,130,2.7433401639344264,0.0,0.0,False,False,False,larva_013,26.10
1,1281,150.0,0.7154453669775155,0.9110953058321479,1.0,1.0263157894736843,97,0.9953161592505855,0.0,0.0,False,False,False,larva_014,26.10
1,1200,144.0,0.727220521664304,0.9266409266409267,1.0,0.9473684210526315,93,2.5500000000000003,0.0,0.0,False,False,False,larva_015,26.10
1,1612,172.0,0.6847278742004794,0.8794326241134752,1.0,0.8333333333333334,118,5.852977667493796,0.0,0.0,False,False,False,larva_016,26.10
1,1009,130.0,0.7502643757330417,0.9554924242424242,1.0,0.9705882352941176,82,3.790882061446977,0.0,0.0,False,False,False,larva_017,26.10
1,876,120.0,0.7644542123735164,0.9776785714285714,1.0,1.1379310344827587,75,10.188356164383562,0.0,0.0,False,False,False,larva_018,26.10
1,2161,197.65685403347015,0.695089732621662,0.8729549585942233,1.060674627866197,0.8545454545454545,133,3.068024062933827,0.0,0.0,False,False,False,larva_019,26.10
1,1517,166.0,0.6917979467986234,0.8809523809523809,1.0,0.9767441860465116,109,3.8661832564271585,0.0,0.0,False,False,False,larva_020,26.10
1,1311,150.0,0.7322005277966611,0.9364285714285714,1.0,1.1388888888888888,99,3.890160183066362,0.0,0.0,False,False,False,larva_021,26.10
1,1919,194.0,0.6407393242893838,0.8307359307359308,1.0,1.302325581395349,137,27.506513809275663,0.0,0.0,False,False,False,larva_022,26.10
1,1664,171.41421353816986,0.7116550328855377,0.9045936395759717,1.0734181354059102,1.146341463414634,114,3.371394230769231,0.0,0.0,False,False,False,larva_023,26.10
1,1032,132.0,0.7442891686190695,0.9555555555555556,1.0,1.1935483870967742,83,19.5203488372093,0.0,0.0,False,False,False,larva_024,26.10
1,1413,156.0,0.7296302464698189,0.94451871657754,1.0,1.2857142857142858,125,12.993630573248408,0.0,0.0,False,False,False,larva_025,26.10
1,1568,168.0,0.6981317007977318,0.8909090909090909,1.0,0.9111111111111111,112,3.577806122448979,0.0,0.0,False,False,False,larva_001,26.10
1,1150,140.0,0.7373125615567881,0.9387755102040817,1.0,1.0,89,3.5478260869565217,0.0,0.0,False,False,False,larva_002,26.10
1,2003,185.41421353816986,0.7321579232810103,0.9318446150267504,1.0791568045488513,1.1590909090909092,184,19.860209685471794,0.0,0.0,False,False,False,larva_003,26.10
1,2157,195.41421353816986,0.7098191483530247,0.9122436032987947,1.13144709647684,0.7857142857142857,161,21.161335187760777,0.0,0.0,False,False,False,larva_004,26.10
1,1557,172.0,0.6613655708003391,0.865,1.0,1.3783783783783783,118,6.551059730250481,0.0,0.0,False,False,False,larva_005,26.10
1,4757,350.5269112586975,0.4865195355333087,0.636345394956859,1.352112605711257,1.4210526315789473,288,13.937355476140425,0.0,0.0,False,False,False,larva_001,27.10
2,37,21.55634880065918,1.000601578328051,1.2542372881355932,2.13167983425952,1.0,3,255.0,0.0,0.0,True,False,True,larva_001,27.10
1,1224,148.0,0.7022113601157609,0.9807692307692307,1.0,1.8148148148148149,101,60.833333333333336,0.0,0.0,True,False,True,larva_002,27.10
1,8019,451.0954540967941,0.495214299308496,0.6516598269066678,2.2986775804195587,1.3137254901960784,447,16.154133931911712,0.0,0.0,True,True,False,larva_003,27.10
2,15,12.485281229019165,1.2092176139259803,1.5789473684210527,1.934978543490652,0.6666666666666666,3,255.0,0.0,0.0,True,False,True,larva_003,27.10
3,49,24.97056233882904,0.9875277274684514,1.225,1.3254288793642617,1.125,6,254.99999999999997,0.0,0.0,True,False,True,larva_003,27.10
4,16,12.485281229019165,1.2898321215210458,1.6,1.6180339046489476,1.5,3,255.0,0.0,0.0,True,False,True,larva_003,27.10
1,1887,192.0,0.6432492770533789,0.8368070953436807,1.0,0.75,182,35.13513513513514,0.0,0.0,False,False,False,larva_004,27.10
2,8,8.485281229019165,1.3962634493875254,2.0,1.0,1.0,2,255.0,0.0,0.0,True,False,True,larva_004,27.10
3,8,7.656854152679443,1.7147432482071245,2.0,1.414213626312762,0.75,2,255.0,0.0,0.0,True,False,True,larva_004,27.10
1,32624,1477.4671585559845,0.18780683780011712,0.4742722151553698,8.456069270956077,0.5,1360,5.932595635115253,0.0,0.0,True,True,False,larva_005,27.10
2,21,19.55634880065918,0.6900071794769351,1.105263157894737,1.2708121455509365,0.8571428571428571,5,255.0,0.0,0.0,True,False,True,larva_005,27.10
3,5,5.656854152679443,1.9634954757012075,2.5,1.0,1.0,1,255.0,0.0,0.0,True,False,True,larva_005,27.10
4,67,45.35533845424652,0.4092868981458885,1.089430894308943,6.741034196860724,1.0,14,255.0,0.0,0.0,True,False,True,larva_005,27.10
5,24,20.97056233882904,0.6858054826259472,1.2,2.037281360053024,0.5555555555555556,6,255.0,0.0,0.0,True,False,True,larva_005,27.10
6,5,5.656854152679443,1.9634954757012075,2.5,1.0,1.0,1,255.0,0.0,0.0,True,False,True,larva_005,27.10
1,937,126.0,0.7416659905300167,0.9464646464646465,1.0,1.096774193548387,81,5.987193169690502,0.0,0.0,False,False,False,larva_006,27.10
1,1094,136.0,0.7432747324885886,0.9496527777777778,1.0,0.8918918918918919,87,9.556672760511884,0.0,0.0,False,False,False,larva_007,27.10
1,2389,213.65685415267944,0.6576462598046923,0.8535191139692747,2.2955660107946922,0.6923076923076923,148,5.763917957304312,0.0,0.0,False,False,False,larva_008,27.10
1,1149,140.0,0.7366714201989127,0.9379591836734694,1.0,1.0,91,8.87728459530026,0.0,0.0,False,False,False,larva_009,27.10
1,1659,169.65685415267944,0.7242915696765322,0.913546255506608,1.1341657422273421,0.7959183673469388,112,3.6889692585895117,0.0,0.0,False,False,False,larva_010,27.10
1,1274,150.0,0.7115358294530483,0.9061166429587483,1.0,1.0263157894736843,99,29.022762951334382,0.0,0.0,False,False,False,larva_011,27.10
1,1946,188.24264061450958,0.6901074045378016,0.8660436137071651,1.4660702778656796,1.0638297872340425,126,9.434737923946557,0.0,0.0,False,False,False,larva_012,27.10
1,1018,130.0,0.7569565257643572,0.9695238095238096,1.0,0.8611111111111112,93,28.055009823182708,0.0,0.0,False,False,False,larva_013,27.10
1,1538,166.0,0.7013745828452753,0.8962703962703963,1.0,1.125,122,7.7925877763329,0.0,0.0,False,False,False,larva_014,27.10
1,1216,144.0,0.7369167952864947,0.9411764705882353,1.0,1.1142857142857143,92,1.2582236842105263,0.0,0.0,False,False,False,larva_015,27.10
1,1217,144.0,0.7375228123878816,0.9390432098765432,1.0,1.0,91,4.400164338537387,0.0,0.0,False,False,False,larva_016,27.10
1,1641,186.0,0.596063538506284,0.7590194264569843,1.0,0.9791666666666666,134,18.025594149908592,0.0,0.0,False,False,False,larva_017,27.10
2,223,53.698484659194946,0.9718308167334021,1.0904645476772616,1.06720822046063,1.0588235294117647,8,255.0,0.0,0.0,True,False,True,larva_017,27.10
1,1532,166.0,0.6986384011176604,0.8906976744186047,1.0,0.9318181818181818,111,4.660574412532637,0.0,0.0,False,False,False,larva_018,27.10
1,1485,162.0,0.7110600656273195,0.908812729498164,1.0,0.8863636363636364,106,3.4343434343434347,0.0,0.0,False,False,False,larva_019,27.10
1,1186,146.0,0.6991797498888149,0.8984848484848484,1.0,0.8292682926829268,97,11.825463743676222,0.0,0.0,False,False,False,larva_020,27.10
1,1634,170.0,0.7104999856007919,0.9047619047619048,1.0,1.0232558139534884,113,7.1787025703794365,0.0,0.0,False,False,False,larva_021,27.10
1,1794,183.41421353816986,0.6701412121063502,0.8681345269779821,1.1662133995647432,0.7407407407407407,128,6.1120401337792645,0.0,0.0,False,False,False,larva_022,27.10
1,947,126.0,0.7495813159358866,0.9565656565656566,1.0,0.9117647058823529,81,10.770855332629354,0.0,0.0,False,False,False,larva_023,27.10
1,1576,170.0,0.6852802798695521,0.8784838350055741,1.0,0.851063829787234,114,9.86992385786802,0.0,0.0,False,False,False,larva_024,27.10
1,1415,158.0,0.7122822632317829,0.9188311688311688,1.0,1.25,103,1.802120141342756,0.0,0.0,False,False,False,larva_025,27.10
1,1293,148.0,0.7417968044360121,0.9472527472527472,1.0,0.9,109,22.877030162412993,0.0,0.0,False,False,False,larva_026,27.10
1,1551,168.0,0.6905626708783686,0.8872997711670481,1.0,1.205128205128205,119,5.261121856866538,0.0,0.0,False,False,False,larva_027,27.10
1,1209,146.0,0.7127388850047026,0.9159090909090909,1.0,0.8292682926829268,97,28.684863523573203,0.0,0.0,False,False,False,larva_028,27.10
1,1385,152.0,0.7533077952253919,0.9591412742382271,1.0,1.0,109,5.155234657039711,0.0,0.0,False,False,False,larva_029,27.10
1,1100,138.0,0.7258458136838422,0.9290540540540541,1.0,0.868421052631579,89,11.822727272727272,0.0,0.0,False,False,False,larva_030,27.10
1,1113,138.0,0.7344239914819238,0.9352941176470588,1.0,0.9722222222222222,89,4.123989218328841,0.0,0.0,False,False,False,larva_031,27.10
1,1235,150.0,0.6897541203881591,0.8975290697674418,1.0,1.3333333333333333,100,18.582995951417004,0.0,0.0,False,False,False,larva_032,27.10
1,1100,138.0,0.7258458136838422,0.9290540540540541,1.0,1.1515151515151516,89,12.75,0.0,0.0,False,False,False,larva_033,27.10
1,998,130.0,0.7420850812503227,0.9633204633204633,1.0,0.7631578947368421,85,23.507014028056112,0.0,0.0,False,False,False,larva_034,27.10
1,1205,146.0,0.7103807745497656,0.9046546546546547,1.0,0.9736842105263158,97,13.54356846473029,0.0,0.0,False,False,False,larva_035,27.10
1,1145,140.0,0.7341068547674108,0.9377559377559378,1.0,0.8947368421052632,92,2.004366812227074,0.0,0.0,False,False,False,larva_036,27.10
1,1116,138.0,0.736403570973789,0.9473684210526315,1.0,0.8205128205128205,91,3.4274193548387095,0.0,0.0,False,False,False,larva_037,27.10
1,31293,1407.3250247240067,0.19854924667600254,0.5097991300522946,10.970145400473514,0.5266055045871559,1362,13.804045633208705,0.0,0.0,True,True,False,larva_001,27.10
2,11,11.313708305358887,1.079922511635664,1.5714285714285714,1.3139676728060687,0.8,3,255.0,0.0,0.0,True,False,True,larva_001,27.10
1,1074,136.0,0.7296865289696016,0.9290657439446367,1.0,1.0,89,11.634078212290502,0.0,0.0,False,False,False,larva_002,27.10
1,1018,132.0,0.7341922225331518,0.9382488479262673,1.0,0.8888888888888888,86,14.778978388998034,0.0,0.0,False,False,False,larva_003,27.10
1,2363,212.0,0.660696283413375,0.8608378870673953,1.0,0.7419354838709677,150,4.20863309352518,0.0,0.0,False,False,False,larva_004,27.10
1,980,130.0,0.7287007811876917,0.9459459459459459,1.0,1.3103448275862069,84,15.872448979591837,0.0,0.0,False,False,False,larva_005,27.10
1,1524,164.0,0.712044497928442,0.9114832535885168,1.0,0.8666666666666667,109,3.6811023622047245,0.0,0.0,False,False,False,larva_006,27.10
1,1825,182.82842707633972,0.6860966313059649,0.8744609487302348,1.5488002421152163,0.8076923076923077,128,6.846575342465753,0.0,0.0,False,False,False,larva_007,27.10
2,22,15.899494767189026,1.0936186217106705,1.375,1.7718088569805357,1.0,3,255.0,0.0,0.0,True,False,True,larva_007,27.10
1,1978,190.24264061450958,0.6867843978275131,0.8596262494567579,1.2286022899710825,1.0,129,3.351870576339737,0.0,0.0,False,False,False,larva_008,27.10
1,1162,142.0,0.7241679554595001,0.9222222222222223,1.0,1.0277777777777777,92,9.216867469879519,0.0,0.0,False,False,False,larva_009,27.10
1,1219,144.0,0.7387348465906554,0.9413127413127413,1.0,1.0555555555555556,91,1.6735028712059066,0.0,0.0,False,False,False,larva_010,27.10
1,1329,150.0,0.7422536242881485,0.9452347083926032,1.0,1.0263157894736843,96,0.9593679458239277,0.0,0.0,False,False,False,larva_011,27.10
1,1667,172.0,0.7080901776006199,0.9015684153596538,1.0,1.0,111,1.22375524895021,0.0,0.0,False,False,False,larva_012,27.10
1,1722,190.0,0.5994263212722021,0.7632978723404256,1.0,0.9795918367346939,137,14.36411149825784,0.0,0.0,False,False,False,larva_013,27.10
2,219,53.94112491607666,0.9458319502946644,1.0735294117647058,1.087232341304279,1.0588235294117647,2,255.0,0.0,0.0,True,False,True,larva_013,27.10
1,1353,150.0,0.7556577529434648,0.9761904761904762,1.0,0.7906976744186046,93,26.008869179600886,0.0,0.0,False,False,False,larva_001,29.10
1,1222,150.0,0.6824935506998626,0.8703703703703703,1.0,0.925,100,11.685761047463176,0.0,0.0,False,False,False,larva_002,29.10
1,2153,203.41421353816986,0.6538698342825898,0.8395398713199455,1.1259282985767238,1.2608695652173914,138,2.842545285647933,0.0,0.0,False,False,False,larva_003,29.10
1,2133,205.41421353816986,0.6352427794102461,0.8549098196392786,1.0700472201244313,1.625,148,33.23488045007033,0.0,0.0,False,False,False,larva_004,29.10
1,923,124.0,0.7543418364368831,0.9604578563995838,1.0,1.0,78,3.5915492957746475,0.0,0.0,False,False,False,larva_005,29.10
1,2019,189.3137083053589,0.7079165372725625,0.8747833622183708,1.1163126466969027,1.1521739130434783,130,2.526002971768202,0.0,0.0,False,False,False,larva_006,29.10
1,1770,190.0,0.616135068903483,0.8534233365477338,1.0,1.7714285714285714,137,38.46610169491525,0.0,0.0,False,False,False,larva_007,29.10
1,1505,170.0,0.6544078814744136,0.8679354094579008,1.0,0.6730769230769231,119,38.461794019933556,0.0,0.0,False,False,False,larva_008,29.10
1,1455,166.0,0.6635240689466031,0.8660714285714286,1.0,0.7346938775510204,117,31.195876288659797,0.0,0.0,False,False,False,larva_009,29.10
1,1942,190.82842707633972,0.6701514296364663,0.8443478260869566,1.131341493011456,1.0416666666666667,133,5.90885684860968,0.0,0.0,False,False,False,larva_010,29.10
1,1149,142.0,0.7160662485567689,0.9119047619047619,1.0,1.0277777777777777,94,9.765013054830288,0.0,0.0,False,False,False,larva_011,29.10
1,2271,208.82842707633972,0.6544067398848533,0.8423590504451038,1.600072951340993,1.326086956521739,142,3.368560105680317,0.0,0.0,True,True,False,larva_012,29.10
1,1426,164.0,0.666256859610209,0.89125,1.0,1.5454545454545454,114,37.552594670406734,0.0,0.0,False,False,False,larva_013,29.10
1,1680,173.41421353816986,0.7020204516911306,0.88841882601798,1.329747924843451,1.0227272727272727,115,5.767857142857143,0.0,0.0,False,False,False,larva_014,29.10
1,2060,192.48528122901917,0.6986859862192533,0.865182696346073,1.1334275207246889,1.127659574468085,130,1.733009708737864,0.0,0.0,False,False,False,larva_015,29.10
1,1702,182.0,0.6456938408899684,0.8450844091360477,1.0,1.3846153846153846,126,6.592244418331375,0.0,0.0,False,False,False,larva_016,29.10
1,2011,193.65685415267944,0.6738390714276282,0.8492398648648649,1.1166655663466223,1.2222222222222223,134,7.734957732471407,0.0,0.0,False,False,False,larva_017,29.10
1,1835,182.82842707633972,0.6898560649021619,0.8750596089651884,1.2533322430288658,0.8431372549019608,123,5.55858310626703,0.0,0.0,False,False,False,larva_018,29.10
1,1378,158.0,0.6936572146525772,0.8833333333333333,1.0,0.975609756097561,106,5.921625544267053,0.0,0.0,False,False,False,larva_019,29.10
1,2111,196.48528122901917,0.6871286417619367,0.8560421735604218,1.3728976999001425,0.9245283018867925,136,7.126954050213169,0.0,0.0,False,False,False,larva_020,29.10
1,1023,132.0,0.7377982747066939,0.9402573529411765,1.0,1.0606060606060606,85,3.7390029325513194,0.0,0.0,False,False,False,larva_021,29.10
1,5996,391.49747371673584,0.4916019085539818,0.7683239364428498,3.3407974675110785,0.39864864864864863,329,20.456137424949965,0.0,0.0,True,True,False,larva_022,29.10
1,1246,150.0,0.6958976793551791,0.9134897360703812,1.0,0.7111111111111111,102,12.68860353130016,0.0,0.0,False,False,False,larva_023,29.10
1,1170,144.0,0.7090400086226963,0.9027777777777778,1.0,1.0,96,7.410256410256411,0.0,0.0,False,False,False,larva_024,29.10
1,2420,222.0,0.6170484718519033,0.8350586611456177,1.0,1.627906976744186,158,4.0041322314049586,0.0,0.0,False,False,False,larva_025,29.10
1,1740,174.2426404953003,0.7201952035487981,0.9013209013209014,1.0418469909866257,1.0454545454545454,117,4.689655172413793,0.0,0.0,False,False,False,larva_026,29.10
1,1846,192.0,0.6292730076526429,0.837568058076225,1.0,0.6610169491525424,140,11.050920910075838,0.0,0.0,False,False,False,larva_027,29.10
1,2171,199.3137081861496,0.6867447517490775,0.8542199488491049,1.3983608613726128,0.8571428571428571,137,2.701520036849378,0.0,0.0,False,False,False,larva_028,29.10
1,2808,233.79898977279663,0.6455378432626562,0.8148578061520604,1.2851078290801572,0.684931506849315,188,23.24786324786325,0.0,0.0,False,False,False,larva_029,29.10
1,1220,148.0,0.6999165517493696,0.9077380952380952,1.0,0.7674418604651163,98,8.151639344262295,0.0,0.0,False,False,False,larva_030,29.10
1,1338,154.0,0.708964575898658,0.9065040650406504,1.0,0.8809523809523809,101,13.531390134529149,0.0,0.0,False,False,False,larva_031,29.10
1,1343,154.0,0.7116139203526888,0.9186046511627907,1.0,1.2571428571428571,102,3.2278481012658227,0.0,0.0,False,False,False,larva_032,29.10
1,2064,197.41421353816986,0.6655224666105998,0.842620943049602,1.0143884915896413,0.9803921568627451,133,7.165697674418604,0.0,0.0,False,False,False,larva_033,29.10
1,1417,160.0,0.6955682484588651,0.9060102301790282,1.0,0.7446808510638298,108,23.034580098800284,0.0,0.0,False,False,False,larva_034,29.10
1,1295,150.0,0.7232644420264501,0.9343434343434344,1.0,1.2647058823529411,99,23.826254826254825,0.0,0.0,False,False,False,larva_035,29.10
1,1276,154.0,0.6761127046686753,0.8727770177838577,1.0,0.7954545454545454,105,22.18260188087774,0.0,0.0,False,False,False,larva_036,29.10
1,1329,156.0,0.6862551999705514,0.9028532608695652,1.0,1.4242424242424243,108,23.024830699774267,0.0,0.0,False,False,False,larva_037,29.10
1,1571,172.0,0.6673123389385566,0.8612938596491229,1.0,1.2564102564102564,121,23.049013367281983,0.0,0.0,False,False,False,larva_038,29.10
1,1563,170.0,0.6796275872056535,0.8664079822616408,1.0,0.9333333333333333,116,6.199616122840691,0.0,0.0,False,False,False,larva_039,29.10
1,1494,168.0,0.665184158795798,0.8711370262390671,1.0,1.3888888888888888,115,27.82128514056225,0.0,0.0,False,False,False,larva_040,29.10
1,2002,196.0,0.6548801012585137,0.8369565217391305,1.0,1.127659574468085,142,11.081418581418582,0.0,0.0,False,False,False,larva_041,29.10
1,1655,170.82842707633972,0.7126685239410623,0.8970189701897019,1.3961558075381482,1.0,113,7.7039274924471295,0.0,0.0,False,False,False,larva_042,29.10
1,1309,156.0,0.6759278079469163,0.8984214138641043,1.0,0.6666666666666666,110,32.72727272727273,0.0,0.0,False,False,False,larva_043,29.10
1,1893,190.0,0.6589512347086403,0.8739612188365651,1.0,1.4871794871794872,131,3.637083993660856,0.0,0.0,False,False,False,larva_044,29.10
1,1034,134.0,0.723637069238549,0.9215686274509803,1.0,0.9714285714285714,87,9.864603481624759,0.0,0.0,False,False,False,larva_045,29.10
1,1194,144.0,0.7235844190559824,0.9212962962962963,1.0,1.0,94,14.309045226130653,0.0,0.0,False,False,False,larva_046,29.10
1,2354,214.82842707633972,0.6409628006170078,0.84251968503937,1.230560956946172,0.6666666666666666,156,13.432455395072218,0.0,0.0,False,False,False,larva_047,29.10
1,1339,158.0,0.674025406690712,0.8998655913978495,1.0,1.53125,108,23.42419716206124,0.0,0.0,False,False,False,larva_048,29.10
1,1290,150.0,0.7204719152232593,0.9214285714285714,1.0,0.8780487804878049,99,5.337209302325581,0.0,0.0,False,False,False,larva_049,29.10
1,1660,176.0,0.6734302434089691,0.8645833333333334,1.0,1.1951219512195121,121,21.198795180722893,0.0,0.0,False,False,False,larva_050,29.10
1,1664,176.0,0.6750529668870631,0.8599483204134367,1.0,0.9565217391304348,117,6.4362980769230775,0.0,0.0,False,False,False,larva_001,3.11
1,1785,178.82842707633972,0.7014148740526991,0.8841010401188707,1.0509887333886456,1.0909090909090908,119,2.2857142857142856,0.0,0.0,False,False,False,larva_002,3.11
1,1232,144.0,0.7466130689086854,0.9535603715170279,1.0,0.8974358974358975,122,9.314123376623376,0.0,0.0,False,False,False,larva_003,3.11
1,1286,154.0,0.6814113935767371,0.8930555555555556,1.0,0.717391304347826,103,24.389580093312595,0.0,0.0,False,False,False,larva_004,3.11
1,2554,216.0,0.6878967453076416,0.8806896551724138,1.0,1.1568627450980393,201,22.16523101018011,0.0,0.0,False,False,False,larva_005,3.11
1,1530,170.0,0.6652784442896033,0.8528428093645485,1.0,0.851063829787234,119,18.166666666666664,0.0,0.0,False,False,False,larva_006,3.11
1,22710,1037.2833980321884,0.2652358012561646,0.6478760733746042,9.229459621842988,0.708994708994709,887,4.244385733157199,0.0,0.0,True,True,False,larva_007,3.11
1,2372,211.65685415267944,0.66536488168186,0.8394974340824632,1.6346819914851465,1.18,152,2.472596964586846,0.0,0.0,True,True,False,larva_008,3.11
1,2339,205.89949476718903,0.6933132879712448,0.8572475719259667,1.5552213251812774,1.0188679245283019,140,5.233005557930739,0.0,0.0,False,False,False,larva_009,3.11
1,2204,202.24264061450958,0.6771361501925065,0.8622848200312989,1.5839910433044295,1.2608695652173914,151,5.669237749546279,0.0,0.0,False,False,False,larva_010,3.11
1,1230,150.0,0.6869615935849681,0.8748221906116643,1.0,1.0263157894736843,102,24.878048780487806,0.0,0.0,False,False,False,larva_011,3.11
1,2192,206.2426404953003,0.6475800982325628,0.8371204888294825,1.193988111103736,0.7096774193548387,145,3.8389598540145986,0.0,0.0,False,False,False,larva_012,3.11
1,1261,148.0,0.7234383375048812,0.9217836257309941,1.0,1.054054054054054,95,2.4266455194290244,0.0,0.0,False,False,False,larva_013,3.11
1,1962,187.07106757164001,0.7045237169992392,0.8817977528089888,1.3217895586597868,0.8653846153846154,126,6.758409785932722,0.0,0.0,False,False,False,larva_014,3.11
1,1287,154.0,0.6819412624675433,0.89375,1.0,1.393939393939394,105,13.86946386946387,0.0,0.0,False,False,False,larva_015,3.11
1,2205,204.24264061450958,0.6642409167998782,0.8387219475085584,1.335839539708666,1.1875,159,14.108843537414966,0.0,0.0,False,False,False,larva_016,3.11
1,1220,150.0,0.6813765399785863,0.8714285714285714,1.0,0.8780487804878049,104,31.14344262295082,0.0,0.0,False,False,False,larva_017,3.11
1,1627,174.0,0.6753033752662959,0.8626723223753977,1.0,1.119047619047619,121,8.306699446834664,0.0,0.0,False,False,False,larva_018,3.11
1,2523,225.89949476718903,0.6212931928545381,0.8106024096385542,1.772002999645016,1.5434782608695652,169,16.373365041617124,0.0,0.0,True,True,False,larva_019,3.11
1,1348,156.0,0.6960662223930048,0.8868421052631579,1.0,0.9512195121951219,103,3.7833827893175074,0.0,0.0,False,False,False,larva_020,3.11
1,1410,160.0,0.6921321314940013,0.8952380952380953,1.0,1.2777777777777777,110,5.6063829787234045,0.0,0.0,False,False,False,larva_021,3.11
1,2021,189.65685415267944,0.7060559094861938,0.881762652705061,1.0794000050976422,0.9215686274509803,126,3.9114299851558636,0.0,0.0,False,False,False,larva_022,3.11
1,1948,196.0,0.6372160026231691,0.8236786469344609,1.0,0.7857142857142857,139,22.253593429158112,0.0,0.0,False,False,False,larva_023,3.11
1,1624,184.0,0.6027819552728998,0.8458333333333333,1.0,0.5409836065573771,134,71.75800492610837,0.0,0.0,True,False,True,larva_024,3.11
1,1487,166.0,0.678117038160549,0.9012121212121212,1.0,0.6666666666666666,115,6.17350369872226,0.0,0.0,False,False,False,larva_025,3.11
1,1273,152.0,0.6923904861530136,0.8840277777777777,1.0,1.1081081081081081,102,13.8216810683425,0.0,0.0,False,False,False,larva_026,3.11
1,2578,237.65685415267944,0.5735774763906635,0.7732453509298141,1.6618555537702397,1.711111111111111,181,26.212179984484095,0.0,0.0,True,True,False,larva_027,3.11
1,1687,174.0,0.7002070031187714,0.9361820199778025,1.0,0.6481481481481481,135,9.522821576763485,0.0,0.0,False,False,False,larva_028,3.11
1,1073,138.0,0.7080295982570569,0.90625,1.0,0.868421052631579,91,13.546132339235786,0.0,0.0,False,False,False,larva_029,3.11
1,1378,158.0,0.6936572146525772,0.8867438867438867,1.0,0.8837209302325582,107,4.256168359941944,0.0,0.0,False,False,False,larva_030,3.11
1,1388,162.0,0.6646137179062084,0.8621118012422361,1.0,1.3055555555555556,114,20.39265129682997,0.0,0.0,False,False,False,larva_031,3.11
1,1179,144.0,0.7144941625351786,0.916083916083916,1.0,1.1764705882352942,96,23.142493638676843,0.0,0.0,False,False,False,larva_032,3.11
1,1153,146.0,0.6797253386355848,0.8695324283559578,1.0,1.1428571428571428,100,18.57762359063313,0.0,0.0,False,False,False,larva_033,3.11
1,1523,170.0,0.6622346867013502,0.8875291375291375,1.0,1.5588235294117647,120,4.688115561391989,0.0,0.0,False,False,False,larva_034,3.11
1,1254,150.0,0.7003657222402846,0.8931623931623932,1.0,1.0810810810810811,100,10.370813397129186,0.0,0.0,False,False,False,larva_035,3.11
1,1860,186.82842707633972,0.6696330701047432,0.8526243410497364,1.4076318840367457,0.8113207547169812,134,32.62903225806452,0.0,0.0,False,False,False,larva_036,3.11
1,1817,180.24264061450958,0.7028290578021903,0.8805427671432033,1.3649843419372758,1.0217391304347827,120,1.8244358833241607,0.0,0.0,False,False,False,larva_037,3.11
1,1172,144.0,0.7102520428254702,0.9071207430340558,1.0,1.1142857142857143,96,16.753412969283275,0.0,0.0,False,False,False,larva_038,3.11
1,1311,154.0,0.6946581158468914,0.8858108108108108,1.0,1.0789473684210527,103,8.558352402745996,0.0,0.0,False,False,False,larva_039,3.11
1,3468,256.1421353816986,0.6642428698023541,0.8461632304501647,3.850536072069779,0.75,211,12.941176470588236,0.0,0.0,True,True,False,larva_040,3.11
1,1158,144.0,0.7017678034060534,0.8997668997668997,1.0,1.1764705882352942,95,11.89119170984456,0.0,0.0,False,False,False,larva_041,3.11
1,1485,166.0,0.6772049775846775,0.8653846153846154,1.0,0.8888888888888888,114,7.040404040404041,0.0,0.0,False,False,False,larva_042,3.11
1,8973,498.40916180610657,0.45391600675093946,0.5889147770157188,2.0493929850448356,1.0610687022900764,497,13.385155466399198,0.0,0.0,True,True,False,larva_043,3.11
2,12,10.485281229019165,1.371610949657771,1.7142857142857142,1.4470095085109513,0.8,1,255.0,0.0,0.0,True,False,True,larva_043,3.11
3,31,19.313708186149597,1.0443359474584148,1.2916666666666667,1.3720634356248287,1.1666666666666667,3,255.0,0.0,0.0,True,False,True,larva_043,3.11
4,11,11.313708066940308,1.0799225571509967,1.8333333333333333,1.0,1.0,3,255.0,0.0,0.0,True,False,True,larva_043,3.11
5,54,42.18376541137695,0.3813405051290741,0.8709677419354839,2.3180219628914163,1.0833333333333333,12,255.0,0.0,0.0,True,False,True,larva_043,3.11
6,24,15.899494647979736,1.1930385143016773,1.4545454545454546,1.3568005958923772,0.7142857142857143,3,255.0,0.0,0.0,True,False,True,larva_043,3.11
7,5,5.656854152679443,1.9634954757012075,2.5,1.0,1.0,1,255.0,0.0,0.0,True,False,True,larva_043,3.11
1,1921,192.0,0.6548393541174037,0.8575892857142857,1.0,0.7192982456140351,141,9.955752212389381,0.0,0.0,False,False,False,larva_044,3.11
1,1118,140.0,0.7167960381047732,0.9133986928104575,1.0,0.9459459459459459,92,7.526833631484794,0.0,0.0,False,False,False,larva_045,3.11
1,1447,166.0,0.6598758266431166,0.8613095238095239,1.0,1.3611111111111112,117,35.06910850034554,0.0,0.0,False,False,False,larva_046,3.11
1,935,124.0,0.7641490975823249,0.9729448491155047,1.0,1.0,77,2.4545454545454546,0.0,0.0,False,False,False,larva_047,3.11
1,2396,226.0,0.5894945569740109,0.7960132890365449,1.0,1.6136363636363635,178,16.389816360601003,0.0,0.0,False,False,False,larva_048,3.11
2,12,10.485281229019165,1.371610949657771,1.7142857142857142,1.4470095085109513,0.8,1,255.0,0.0,0.0,True,False,True,larva_048,3.11
1,1596,165.41421353816986,0.7329884008210747,0.9284467713787086,1.3892414460637776,0.9318181818181818,107,5.911654135338345,0.0,0.0,False,False,False,larva_049,3.11
1,1195,144.0,0.7241904361573693,0.9249226006191951,1.0,1.1142857142857143,96,8.748953974895397,0.0,0.0,False,False,False,larva_050,3.11
